,gender,emotion,actor,path
0,laki-laki,netral,1,./dataset/Actor_01/03-01-01-01-01-01-01.wav
1,laki-laki,netral,1,./dataset/Actor_01/03-01-01-01-01-02-01.wav
2,laki-laki,netral,1,./dataset/Actor_01/03-01-01-01-02-01-01.wav
3,laki-laki,netral,1,./dataset/Actor_01/03-01-01-01-02-02-01.wav
4,laki-laki,calm,1,./dataset/Actor_01/03-01-02-01-01-01-01.wav
5,laki-laki,calm,1,./dataset/Actor_01/03-01-02-01-01-02-01.wav
6,laki-laki,calm,1,./dataset/Actor_01/03-01-02-01-02-01-01.wav
7,laki-laki,calm,1,./dataset/Actor_01/03-01-02-01-02-02-01.wav
8,laki-laki,calm,1,./dataset/Actor_01/03-01-02-02-01-01-01.wav
9,laki-laki,calm,1,./dataset/Actor_01/03-01-02-02-01-02-01.wav
10,laki-laki,calm,1,./dataset/Actor_01/03-01-02-02-02-01-01.wav
11,laki-laki,calm,1,./dataset/Actor_01/03-01-02-02-02-02-01.wav
12,laki-laki,bahagia,1,./dataset/Actor_01/03-01-03-01-01-01-01.wav
13,laki-laki,bahagia,1,./dataset/Actor_01/03-01-03-01-01-02-01.wav
14,laki-laki,bahagia,1,./dataset/Actor_01/03-01-03-01-02-01-01.wav
15,laki-laki,bahagia,1,./dataset/Actor_01/03-01-03-01-02-02-01.wav
16,laki-laki,bahagia,1,./dataset/Actor_01/03-01-03-02-01-01-01.wav
17,laki-laki,bahagia,1,./dataset/Actor_01/03-01-03-02-01-02-01.wav
18,laki-laki,bahagia,1,./dataset/Actor_01/03-01-03-02-02-01-01.wav
19,laki-laki,bahagia,1,./dataset/Actor_01/03-01-03-02-02-02-01.wav
20,laki-laki,sedih,1,./dataset/Actor_01/03-01-04-01-01-01-01.wav
21,laki-laki,sedih,1,./dataset/Actor_01/03-01-04-01-01-02-01.wav
22,laki-laki,sedih,1,./dataset/Actor_01/03-01-04-01-02-01-01.wav
23,laki-laki,sedih,1,./dataset/Actor_01/03-01-04-01-02-02-01.wav
24,laki-laki,sedih,1,./dataset/Actor_01/03-01-04-02-01-01-01.wav
25,laki-laki,sedih,1,./dataset/Actor_01/03-01-04-02-01-02-01.wav
26,laki-laki,sedih,1,./dataset/Actor_01/03-01-04-02-02-01-01.wav
27,laki-laki,sedih,1,./dataset/Actor_01/03-01-04-02-02-02-01.wav
28,laki-laki,marah,1,./dataset/Actor_01/03-01-05-01-01-01-01.wav
29,laki-laki,marah,1,./dataset/Actor_01/03-01-05-01-01-02-01.wav
30,laki-laki,marah,1,./dataset/Actor_01/03-01-05-01-02-01-01.wav
31,laki-laki,marah,1,./dataset/Actor_01/03-01-05-01-02-02-01.wav
32,laki-laki,marah,1,./dataset/Actor_01/03-01-05-02-01-01-01.wav
33,laki-laki,marah,1,./dataset/Actor_01/03-01-05-02-01-02-01.wav
34,laki-laki,marah,1,./dataset/Actor_01/03-01-05-02-02-01-01.wav
35,laki-laki,marah,1,./dataset/Actor_01/03-01-05-02-02-02-01.wav
36,laki-laki,takut,1,./dataset/Actor_01/03-01-06-01-01-01-01.wav
37,laki-laki,takut,1,./dataset/Actor_01/03-01-06-01-01-02-01.wav
38,laki-laki,takut,1,./dataset/Actor_01/03-01-06-01-02-01-01.wav
39,laki-laki,takut,1,./dataset/Actor_01/03-01-06-01-02-02-01.wav
40,laki-laki,takut,1,./dataset/Actor_01/03-01-06-02-01-01-01.wav
41,laki-laki,takut,1,./dataset/Actor_01/03-01-06-02-01-02-01.wav
42,laki-laki,takut,1,./dataset/Actor_01/03-01-06-02-02-01-01.wav
43,laki-laki,takut,1,./dataset/Actor_01/03-01-06-02-02-02-01.wav
44,laki-laki,jijik,1,./dataset/Actor_01/03-01-07-01-01-01-01.wav
45,laki-laki,jijik,1,./dataset/Actor_01/03-01-07-01-01-02-01.wav
46,laki-laki,jijik,1,./dataset/Actor_01/03-01-07-01-02-01-01.wav
47,laki-laki,jijik,1,./dataset/Actor_01/03-01-07-01-02-02-01.wav
48,laki-laki,jijik,1,./dataset/Actor_01/03-01-07-02-01-01-01.wav
49,laki-laki,jijik,1,./dataset/Actor_01/03-01-07-02-01-02-01.wav
50,laki-laki,jijik,1,./dataset/Actor_01/03-01-07-02-02-01-01.wav
51,laki-laki,jijik,1,./dataset/Actor_01/03-01-07-02-02-02-01.wav
52,laki-laki,terkejut,1,./dataset/Actor_01/03-01-08-01-01-01-01.wav
53,laki-laki,terkejut,1,./dataset/Actor_01/03-01-08-01-01-02-01.wav
54,laki-laki,terkejut,1,./dataset/Actor_01/03-01-08-01-02-01-01.wav
55,laki-laki,terkejut,1,./dataset/Actor_01/03-01-08-01-02-02-01.wav
56,laki-laki,terkejut,1,./dataset/Actor_01/03-01-08-02-01-01-01.wav
57,laki-laki,terkejut,1,./dataset/Actor_01/03-01-08-02-01-02-01.wav
58,laki-laki,terkejut,1,./dataset/Actor_01/03-01-08-02-02-01-01.wav
59,laki-laki,terkejut,1,./dataset/Actor_01/03-01-08-02-02-02-01.wav
60,perempuan,netral,2,./dataset/Actor_02/03-01-01-01-01-01-02.wav
61,perempuan,netral,2,./dataset/Actor_02/03-01-01-01-01-02-02.wav
62,perempuan,netral,2,./dataset/Actor_02/03-01-01-01-02-01-02.wav
63,perempuan,netral,2,./dataset/Actor_02/03-01-01-01-02-02-02.wav
64,perempuan,calm,2,./dataset/Actor_02/03-01-02-01-01-01-02.wav
65,perempuan,calm,2,./dataset/Actor_02/03-01-02-01-01-02-02.wav
66,perempuan,calm,2,./dataset/Actor_02/03-01-02-01-02-01-02.wav
67,perempuan,calm,2,./dataset/Actor_02/03-01-02-01-02-02-02.wav
68,perempuan,calm,2,./dataset/Actor_02/03-01-02-02-01-01-02.wav
69,perempuan,calm,2,./dataset/Actor_02/03-01-02-02-01-02-02.wav
70,perempuan,calm,2,./dataset/Actor_02/03-01-02-02-02-01-02.wav
71,perempuan,calm,2,./dataset/Actor_02/03-01-02-02-02-02-02.wav
72,perempuan,bahagia,2,./dataset/Actor_02/03-01-03-01-01-01-02.wav
73,perempuan,bahagia,2,./dataset/Actor_02/03-01-03-01-01-02-02.wav
74,perempuan,bahagia,2,./dataset/Actor_02/03-01-03-01-02-01-02.wav
75,perempuan,bahagia,2,./dataset/Actor_02/03-01-03-01-02-02-02.wav
76,perempuan,bahagia,2,./dataset/Actor_02/03-01-03-02-01-01-02.wav
77,perempuan,bahagia,2,./dataset/Actor_02/03-01-03-02-01-02-02.wav
78,perempuan,bahagia,2,./dataset/Actor_02/03-01-03-02-02-01-02.wav
79,perempuan,bahagia,2,./dataset/Actor_02/03-01-03-02-02-02-02.wav
80,perempuan,sedih,2,./dataset/Actor_02/03-01-04-01-01-01-02.wav
81,perempuan,sedih,2,./dataset/Actor_02/03-01-04-01-01-02-02.wav
82,perempuan,sedih,2,./dataset/Actor_02/03-01-04-01-02-01-02.wav
83,perempuan,sedih,2,./dataset/Actor_02/03-01-04-01-02-02-02.wav
84,perempuan,sedih,2,./dataset/Actor_02/03-01-04-02-01-01-02.wav
85,perempuan,sedih,2,./dataset/Actor_02/03-01-04-02-01-02-02.wav
86,perempuan,sedih,2,./dataset/Actor_02/03-01-04-02-02-01-02.wav
87,perempuan,sedih,2,./dataset/Actor_02/03-01-04-02-02-02-02.wav
88,perempuan,marah,2,./dataset/Actor_02/03-01-05-01-01-01-02.wav
89,perempuan,marah,2,./dataset/Actor_02/03-01-05-01-01-02-02.wav
90,perempuan,marah,2,./dataset/Actor_02/03-01-05-01-02-01-02.wav
91,perempuan,marah,2,./dataset/Actor_02/03-01-05-01-02-02-02.wav
92,perempuan,marah,2,./dataset/Actor_02/03-01-05-02-01-01-02.wav
93,perempuan,marah,2,./dataset/Actor_02/03-01-05-02-01-02-02.wav
94,perempuan,marah,2,./dataset/Actor_02/03-01-05-02-02-01-02.wav
95,perempuan,marah,2,./dataset/Actor_02/03-01-05-02-02-02-02.wav
96,perempuan,takut,2,./dataset/Actor_02/03-01-06-01-01-01-02.wav
97,perempuan,takut,2,./dataset/Actor_02/03-01-06-01-01-02-02.wav
98,perempuan,takut,2,./dataset/Actor_02/03-01-06-01-02-01-02.wav
99,perempuan,takut,2,./dataset/Actor_02/03-01-06-01-02-02-02.wav
100,perempuan,takut,2,./dataset/Actor_02/03-01-06-02-01-01-02.wav
101,perempuan,takut,2,./dataset/Actor_02/03-01-06-02-01-02-02.wav
102,perempuan,takut,2,./dataset/Actor_02/03-01-06-02-02-01-02.wav
103,perempuan,takut,2,./dataset/Actor_02/03-01-06-02-02-02-02.wav
104,perempuan,jijik,2,./dataset/Actor_02/03-01-07-01-01-01-02.wav
105,perempuan,jijik,2,./dataset/Actor_02/03-01-07-01-01-02-02.wav
106,perempuan,jijik,2,./dataset/Actor_02/03-01-07-01-02-01-02.wav
107,perempuan,jijik,2,./dataset/Actor_02/03-01-07-01-02-02-02.wav
108,perempuan,jijik,2,./dataset/Actor_02/03-01-07-02-01-01-02.wav
109,perempuan,jijik,2,./dataset/Actor_02/03-01-07-02-01-02-02.wav
110,perempuan,jijik,2,./dataset/Actor_02/03-01-07-02-02-01-02.wav
111,perempuan,jijik,2,./dataset/Actor_02/03-01-07-02-02-02-02.wav
112,perempuan,terkejut,2,./dataset/Actor_02/03-01-08-01-01-01-02.wav
113,perempuan,terkejut,2,./dataset/Actor_02/03-01-08-01-01-02-02.wav
114,perempuan,terkejut,2,./dataset/Actor_02/03-01-08-01-02-01-02.wav
115,perempuan,terkejut,2,./dataset/Actor_02/03-01-08-01-02-02-02.wav
116,perempuan,terkejut,2,./dataset/Actor_02/03-01-08-02-01-01-02.wav
117,perempuan,terkejut,2,./dataset/Actor_02/03-01-08-02-01-02-02.wav
118,perempuan,terkejut,2,./dataset/Actor_02/03-01-08-02-02-01-02.wav
119,perempuan,terkejut,2,./dataset/Actor_02/03-01-08-02-02-02-02.wav
120,laki-laki,netral,3,./dataset/Actor_03/03-01-01-01-01-01-03.wav
121,laki-laki,netral,3,./dataset/Actor_03/03-01-01-01-01-02-03.wav
122,laki-laki,netral,3,./dataset/Actor_03/03-01-01-01-02-01-03.wav
123,laki-laki,netral,3,./dataset/Actor_03/03-01-01-01-02-02-03.wav
124,laki-laki,calm,3,./dataset/Actor_03/03-01-02-01-01-01-03.wav
125,laki-laki,calm,3,./dataset/Actor_03/03-01-02-01-01-02-03.wav
126,laki-laki,calm,3,./dataset/Actor_03/03-01-02-01-02-01-03.wav
127,laki-laki,calm,3,./dataset/Actor_03/03-01-02-01-02-02-03.wav
128,laki-laki,calm,3,./dataset/Actor_03/03-01-02-02-01-01-03.wav
129,laki-laki,calm,3,./dataset/Actor_03/03-01-02-02-01-02-03.wav
130,laki-laki,calm,3,./dataset/Actor_03/03-01-02-02-02-01-03.wav
131,laki-laki,calm,3,./dataset/Actor_03/03-01-02-02-02-02-03.wav
132,laki-laki,bahagia,3,./dataset/Actor_03/03-01-03-01-01-01-03.wav
133,laki-laki,bahagia,3,./dataset/Actor_03/03-01-03-01-01-02-03.wav
134,laki-laki,bahagia,3,./dataset/Actor_03/03-01-03-01-02-01-03.wav
135,laki-laki,bahagia,3,./dataset/Actor_03/03-01-03-01-02-02-03.wav
136,laki-laki,bahagia,3,./dataset/Actor_03/03-01-03-02-01-01-03.wav
137,laki-laki,bahagia,3,./dataset/Actor_03/03-01-03-02-01-02-03.wav
138,laki-laki,bahagia,3,./dataset/Actor_03/03-01-03-02-02-01-03.wav
139,laki-laki,bahagia,3,./dataset/Actor_03/03-01-03-02-02-02-03.wav
140,laki-laki,sedih,3,./dataset/Actor_03/03-01-04-01-01-01-03.wav
141,laki-laki,sedih,3,./dataset/Actor_03/03-01-04-01-01-02-03.wav
142,laki-laki,sedih,3,./dataset/Actor_03/03-01-04-01-02-01-03.wav
143,laki-laki,sedih,3,./dataset/Actor_03/03-01-04-01-02-02-03.wav
144,laki-laki,sedih,3,./dataset/Actor_03/03-01-04-02-01-01-03.wav
145,laki-laki,sedih,3,./dataset/Actor_03/03-01-04-02-01-02-03.wav
146,laki-laki,sedih,3,./dataset/Actor_03/03-01-04-02-02-01-03.wav
147,laki-laki,sedih,3,./dataset/Actor_03/03-01-04-02-02-02-03.wav
148,laki-laki,marah,3,./dataset/Actor_03/03-01-05-01-01-01-03.wav
149,laki-laki,marah,3,./dataset/Actor_03/03-01-05-01-01-02-03.wav
150,laki-laki,marah,3,./dataset/Actor_03/03-01-05-01-02-01-03.wav
151,laki-laki,marah,3,./dataset/Actor_03/03-01-05-01-02-02-03.wav
152,laki-laki,marah,3,./dataset/Actor_03/03-01-05-02-01-01-03.wav
153,laki-laki,marah,3,./dataset/Actor_03/03-01-05-02-01-02-03.wav
154,laki-laki,marah,3,./dataset/Actor_03/03-01-05-02-02-01-03.wav
155,laki-laki,marah,3,./dataset/Actor_03/03-01-05-02-02-02-03.wav
156,laki-laki,takut,3,./dataset/Actor_03/03-01-06-01-01-01-03.wav
157,laki-laki,takut,3,./dataset/Actor_03/03-01-06-01-01-02-03.wav
158,laki-laki,takut,3,./dataset/Actor_03/03-01-06-01-02-01-03.wav
159,laki-laki,takut,3,./dataset/Actor_03/03-01-06-01-02-02-03.wav
160,laki-laki,takut,3,./dataset/Actor_03/03-01-06-02-01-01-03.wav
161,laki-laki,takut,3,./dataset/Actor_03/03-01-06-02-01-02-03.wav
162,laki-laki,takut,3,./dataset/Actor_03/03-01-06-02-02-01-03.wav
163,laki-laki,takut,3,./dataset/Actor_03/03-01-06-02-02-02-03.wav
164,laki-laki,jijik,3,./dataset/Actor_03/03-01-07-01-01-01-03.wav
165,laki-laki,jijik,3,./dataset/Actor_03/03-01-07-01-01-02-03.wav
166,laki-laki,jijik,3,./dataset/Actor_03/03-01-07-01-02-01-03.wav
167,laki-laki,jijik,3,./dataset/Actor_03/03-01-07-01-02-02-03.wav
168,laki-laki,jijik,3,./dataset/Actor_03/03-01-07-02-01-01-03.wav
169,laki-laki,jijik,3,./dataset/Actor_03/03-01-07-02-01-02-03.wav
170,laki-laki,jijik,3,./dataset/Actor_03/03-01-07-02-02-01-03.wav
171,laki-laki,jijik,3,./dataset/Actor_03/03-01-07-02-02-02-03.wav
172,laki-laki,terkejut,3,./dataset/Actor_03/03-01-08-01-01-01-03.wav
173,laki-laki,terkejut,3,./dataset/Actor_03/03-01-08-01-01-02-03.wav
174,laki-laki,terkejut,3,./dataset/Actor_03/03-01-08-01-02-01-03.wav
175,laki-laki,terkejut,3,./dataset/Actor_03/03-01-08-01-02-02-03.wav
176,laki-laki,terkejut,3,./dataset/Actor_03/03-01-08-02-01-01-03.wav
177,laki-laki,terkejut,3,./dataset/Actor_03/03-01-08-02-01-02-03.wav
178,laki-laki,terkejut,3,./dataset/Actor_03/03-01-08-02-02-01-03.wav
179,laki-laki,terkejut,3,./dataset/Actor_03/03-01-08-02-02-02-03.wav
180,perempuan,netral,4,./dataset/Actor_04/03-01-01-01-01-01-04.wav
181,perempuan,netral,4,./dataset/Actor_04/03-01-01-01-01-02-04.wav
182,perempuan,netral,4,./dataset/Actor_04/03-01-01-01-02-01-04.wav
183,perempuan,netral,4,./dataset/Actor_04/03-01-01-01-02-02-04.wav
184,perempuan,calm,4,./dataset/Actor_04/03-01-02-01-01-01-04.wav
185,perempuan,calm,4,./dataset/Actor_04/03-01-02-01-01-02-04.wav
186,perempuan,calm,4,./dataset/Actor_04/03-01-02-01-02-01-04.wav
187,perempuan,calm,4,./dataset/Actor_04/03-01-02-01-02-02-04.wav
188,perempuan,calm,4,./dataset/Actor_04/03-01-02-02-01-01-04.wav
189,perempuan,calm,4,./dataset/Actor_04/03-01-02-02-01-02-04.wav
190,perempuan,calm,4,./dataset/Actor_04/03-01-02-02-02-01-04.wav
191,perempuan,calm,4,./dataset/Actor_04/03-01-02-02-02-02-04.wav
192,perempuan,bahagia,4,./dataset/Actor_04/03-01-03-01-01-01-04.wav
193,perempuan,bahagia,4,./dataset/Actor_04/03-01-03-01-01-02-04.wav
194,perempuan,bahagia,4,./dataset/Actor_04/03-01-03-01-02-01-04.wav
195,perempuan,bahagia,4,./dataset/Actor_04/03-01-03-01-02-02-04.wav
196,perempuan,bahagia,4,./dataset/Actor_04/03-01-03-02-01-01-04.wav
197,perempuan,bahagia,4,./dataset/Actor_04/03-01-03-02-01-02-04.wav
198,perempuan,bahagia,4,./dataset/Actor_04/03-01-03-02-02-01-04.wav
199,perempuan,bahagia,4,./dataset/Actor_04/03-01-03-02-02-02-04.wav
200,perempuan,sedih,4,./dataset/Actor_04/03-01-04-01-01-01-04.wav
201,perempuan,sedih,4,./dataset/Actor_04/03-01-04-01-01-02-04.wav
202,perempuan,sedih,4,./dataset/Actor_04/03-01-04-01-02-01-04.wav
203,perempuan,sedih,4,./dataset/Actor_04/03-01-04-01-02-02-04.wav
204,perempuan,sedih,4,./dataset/Actor_04/03-01-04-02-01-01-04.wav
205,perempuan,sedih,4,./dataset/Actor_04/03-01-04-02-01-02-04.wav
206,perempuan,sedih,4,./dataset/Actor_04/03-01-04-02-02-01-04.wav
207,perempuan,sedih,4,./dataset/Actor_04/03-01-04-02-02-02-04.wav
208,perempuan,marah,4,./dataset/Actor_04/03-01-05-01-01-01-04.wav
209,perempuan,marah,4,./dataset/Actor_04/03-01-05-01-01-02-04.wav
210,perempuan,marah,4,./dataset/Actor_04/03-01-05-01-02-01-04.wav
211,perempuan,marah,4,./dataset/Actor_04/03-01-05-01-02-02-04.wav
212,perempuan,marah,4,./dataset/Actor_04/03-01-05-02-01-01-04.wav
213,perempuan,marah,4,./dataset/Actor_04/03-01-05-02-01-02-04.wav
214,perempuan,marah,4,./dataset/Actor_04/03-01-05-02-02-01-04.wav
215,perempuan,marah,4,./dataset/Actor_04/03-01-05-02-02-02-04.wav
216,perempuan,takut,4,./dataset/Actor_04/03-01-06-01-01-01-04.wav
217,perempuan,takut,4,./dataset/Actor_04/03-01-06-01-01-02-04.wav
218,perempuan,takut,4,./dataset/Actor_04/03-01-06-01-02-01-04.wav
219,perempuan,takut,4,./dataset/Actor_04/03-01-06-01-02-02-04.wav
220,perempuan,takut,4,./dataset/Actor_04/03-01-06-02-01-01-04.wav
221,perempuan,takut,4,./dataset/Actor_04/03-01-06-02-01-02-04.wav
222,perempuan,takut,4,./dataset/Actor_04/03-01-06-02-02-01-04.wav
223,perempuan,takut,4,./dataset/Actor_04/03-01-06-02-02-02-04.wav
224,perempuan,jijik,4,./dataset/Actor_04/03-01-07-01-01-01-04.wav
225,perempuan,jijik,4,./dataset/Actor_04/03-01-07-01-01-02-04.wav
226,perempuan,jijik,4,./dataset/Actor_04/03-01-07-01-02-01-04.wav
227,perempuan,jijik,4,./dataset/Actor_04/03-01-07-01-02-02-04.wav
228,perempuan,jijik,4,./dataset/Actor_04/03-01-07-02-01-01-04.wav
229,perempuan,jijik,4,./dataset/Actor_04/03-01-07-02-01-02-04.wav
230,perempuan,jijik,4,./dataset/Actor_04/03-01-07-02-02-01-04.wav
231,perempuan,jijik,4,./dataset/Actor_04/03-01-07-02-02-02-04.wav
232,perempuan,terkejut,4,./dataset/Actor_04/03-01-08-01-01-01-04.wav
233,perempuan,terkejut,4,./dataset/Actor_04/03-01-08-01-01-02-04.wav
234,perempuan,terkejut,4,./dataset/Actor_04/03-01-08-01-02-01-04.wav
235,perempuan,terkejut,4,./dataset/Actor_04/03-01-08-01-02-02-04.wav
236,perempuan,terkejut,4,./dataset/Actor_04/03-01-08-02-01-01-04.wav
237,perempuan,terkejut,4,./dataset/Actor_04/03-01-08-02-01-02-04.wav
238,perempuan,terkejut,4,./dataset/Actor_04/03-01-08-02-02-01-04.wav
239,perempuan,terkejut,4,./dataset/Actor_04/03-01-08-02-02-02-04.wav
240,laki-laki,netral,5,./dataset/Actor_05/03-01-01-01-01-01-05.wav
241,laki-laki,netral,5,./dataset/Actor_05/03-01-01-01-01-02-05.wav
242,laki-laki,netral,5,./dataset/Actor_05/03-01-01-01-02-01-05.wav
243,laki-laki,netral,5,./dataset/Actor_05/03-01-01-01-02-02-05.wav
244,laki-laki,calm,5,./dataset/Actor_05/03-01-02-01-01-01-05.wav
245,laki-laki,calm,5,./dataset/Actor_05/03-01-02-01-01-02-05.wav
246,laki-laki,calm,5,./dataset/Actor_05/03-01-02-01-02-01-05.wav
247,laki-laki,calm,5,./dataset/Actor_05/03-01-02-01-02-02-05.wav
248,laki-laki,calm,5,./dataset/Actor_05/03-01-02-02-01-01-05.wav
249,laki-laki,calm,5,./dataset/Actor_05/03-01-02-02-01-02-05.wav
250,laki-laki,calm,5,./dataset/Actor_05/03-01-02-02-02-01-05.wav
251,laki-laki,calm,5,./dataset/Actor_05/03-01-02-02-02-02-05.wav
252,laki-laki,bahagia,5,./dataset/Actor_05/03-01-03-01-01-01-05.wav
253,laki-laki,bahagia,5,./dataset/Actor_05/03-01-03-01-01-02-05.wav
254,laki-laki,bahagia,5,./dataset/Actor_05/03-01-03-01-02-01-05.wav
255,laki-laki,bahagia,5,./dataset/Actor_05/03-01-03-01-02-02-05.wav
256,laki-laki,bahagia,5,./dataset/Actor_05/03-01-03-02-01-01-05.wav
257,laki-laki,bahagia,5,./dataset/Actor_05/03-01-03-02-01-02-05.wav
258,laki-laki,bahagia,5,./dataset/Actor_05/03-01-03-02-02-01-05.wav
259,laki-laki,bahagia,5,./dataset/Actor_05/03-01-03-02-02-02-05.wav
260,laki-laki,sedih,5,./dataset/Actor_05/03-01-04-01-01-01-05.wav
261,laki-laki,sedih,5,./dataset/Actor_05/03-01-04-01-01-02-05.wav
262,laki-laki,sedih,5,./dataset/Actor_05/03-01-04-01-02-01-05.wav
263,laki-laki,sedih,5,./dataset/Actor_05/03-01-04-01-02-02-05.wav
264,laki-laki,sedih,5,./dataset/Actor_05/03-01-04-02-01-01-05.wav
265,laki-laki,sedih,5,./dataset/Actor_05/03-01-04-02-01-02-05.wav
266,laki-laki,sedih,5,./dataset/Actor_05/03-01-04-02-02-01-05.wav
267,laki-laki,sedih,5,./dataset/Actor_05/03-01-04-02-02-02-05.wav
268,laki-laki,marah,5,./dataset/Actor_05/03-01-05-01-01-01-05.wav
269,laki-laki,marah,5,./dataset/Actor_05/03-01-05-01-01-02-05.wav
270,laki-laki,marah,5,./dataset/Actor_05/03-01-05-01-02-01-05.wav
271,laki-laki,marah,5,./dataset/Actor_05/03-01-05-01-02-02-05.wav
272,laki-laki,marah,5,./dataset/Actor_05/03-01-05-02-01-01-05.wav
273,laki-laki,marah,5,./dataset/Actor_05/03-01-05-02-01-02-05.wav
274,laki-laki,marah,5,./dataset/Actor_05/03-01-05-02-02-01-05.wav
275,laki-laki,marah,5,./dataset/Actor_05/03-01-05-02-02-02-05.wav
276,laki-laki,takut,5,./dataset/Actor_05/03-01-06-01-01-01-05.wav
277,laki-laki,takut,5,./dataset/Actor_05/03-01-06-01-01-02-05.wav
278,laki-laki,takut,5,./dataset/Actor_05/03-01-06-01-02-01-05.wav
279,laki-laki,takut,5,./dataset/Actor_05/03-01-06-01-02-02-05.wav
280,laki-laki,takut,5,./dataset/Actor_05/03-01-06-02-01-01-05.wav
281,laki-laki,takut,5,./dataset/Actor_05/03-01-06-02-01-02-05.wav
282,laki-laki,takut,5,./dataset/Actor_05/03-01-06-02-02-01-05.wav
283,laki-laki,takut,5,./dataset/Actor_05/03-01-06-02-02-02-05.wav
284,laki-laki,jijik,5,./dataset/Actor_05/03-01-07-01-01-01-05.wav
285,laki-laki,jijik,5,./dataset/Actor_05/03-01-07-01-01-02-05.wav
286,laki-laki,jijik,5,./dataset/Actor_05/03-01-07-01-02-01-05.wav
287,laki-laki,jijik,5,./dataset/Actor_05/03-01-07-01-02-02-05.wav
288,laki-laki,jijik,5,./dataset/Actor_05/03-01-07-02-01-01-05.wav
289,laki-laki,jijik,5,./dataset/Actor_05/03-01-07-02-01-02-05.wav
290,laki-laki,jijik,5,./dataset/Actor_05/03-01-07-02-02-01-05.wav
291,laki-laki,jijik,5,./dataset/Actor_05/03-01-07-02-02-02-05.wav
292,laki-laki,terkejut,5,./dataset/Actor_05/03-01-08-01-01-01-05.wav
293,laki-laki,terkejut,5,./dataset/Actor_05/03-01-08-01-01-02-05.wav
294,laki-laki,terkejut,5,./dataset/Actor_05/03-01-08-01-02-01-05.wav
295,laki-laki,terkejut,5,./dataset/Actor_05/03-01-08-01-02-02-05.wav
296,laki-laki,terkejut,5,./dataset/Actor_05/03-01-08-02-01-01-05.wav
297,laki-laki,terkejut,5,./dataset/Actor_05/03-01-08-02-01-02-05.wav
298,laki-laki,terkejut,5,./dataset/Actor_05/03-01-08-02-02-01-05.wav
299,laki-laki,terkejut,5,./dataset/Actor_05/03-01-08-02-02-02-05.wav
300,perempuan,netral,6,./dataset/Actor_06/03-01-01-01-01-01-06.wav
301,perempuan,netral,6,./dataset/Actor_06/03-01-01-01-01-02-06.wav
302,perempuan,netral,6,./dataset/Actor_06/03-01-01-01-02-01-06.wav
303,perempuan,netral,6,./dataset/Actor_06/03-01-01-01-02-02-06.wav
304,perempuan,calm,6,./dataset/Actor_06/03-01-02-01-01-01-06.wav
305,perempuan,calm,6,./dataset/Actor_06/03-01-02-01-01-02-06.wav
306,perempuan,calm,6,./dataset/Actor_06/03-01-02-01-02-01-06.wav
307,perempuan,calm,6,./dataset/Actor_06/03-01-02-01-02-02-06.wav
308,perempuan,calm,6,./dataset/Actor_06/03-01-02-02-01-01-06.wav
309,perempuan,calm,6,./dataset/Actor_06/03-01-02-02-01-02-06.wav
310,perempuan,calm,6,./dataset/Actor_06/03-01-02-02-02-01-06.wav
311,perempuan,calm,6,./dataset/Actor_06/03-01-02-02-02-02-06.wav
312,perempuan,bahagia,6,./dataset/Actor_06/03-01-03-01-01-01-06.wav
313,perempuan,bahagia,6,./dataset/Actor_06/03-01-03-01-01-02-06.wav
314,perempuan,bahagia,6,./dataset/Actor_06/03-01-03-01-02-01-06.wav
315,perempuan,bahagia,6,./dataset/Actor_06/03-01-03-01-02-02-06.wav
316,perempuan,bahagia,6,./dataset/Actor_06/03-01-03-02-01-01-06.wav
317,perempuan,bahagia,6,./dataset/Actor_06/03-01-03-02-01-02-06.wav
318,perempuan,bahagia,6,./dataset/Actor_06/03-01-03-02-02-01-06.wav
319,perempuan,bahagia,6,./dataset/Actor_06/03-01-03-02-02-02-06.wav
320,perempuan,sedih,6,./dataset/Actor_06/03-01-04-01-01-01-06.wav
321,perempuan,sedih,6,./dataset/Actor_06/03-01-04-01-01-02-06.wav
322,perempuan,sedih,6,./dataset/Actor_06/03-01-04-01-02-01-06.wav
323,perempuan,sedih,6,./dataset/Actor_06/03-01-04-01-02-02-06.wav
324,perempuan,sedih,6,./dataset/Actor_06/03-01-04-02-01-01-06.wav
325,perempuan,sedih,6,./dataset/Actor_06/03-01-04-02-01-02-06.wav
326,perempuan,sedih,6,./dataset/Actor_06/03-01-04-02-02-01-06.wav
327,perempuan,sedih,6,./dataset/Actor_06/03-01-04-02-02-02-06.wav
328,perempuan,marah,6,./dataset/Actor_06/03-01-05-01-01-01-06.wav
329,perempuan,marah,6,./dataset/Actor_06/03-01-05-01-01-02-06.wav
330,perempuan,marah,6,./dataset/Actor_06/03-01-05-01-02-01-06.wav
331,perempuan,marah,6,./dataset/Actor_06/03-01-05-01-02-02-06.wav
332,perempuan,marah,6,./dataset/Actor_06/03-01-05-02-01-01-06.wav
333,perempuan,marah,6,./dataset/Actor_06/03-01-05-02-01-02-06.wav
334,perempuan,marah,6,./dataset/Actor_06/03-01-05-02-02-01-06.wav
335,perempuan,marah,6,./dataset/Actor_06/03-01-05-02-02-02-06.wav
336,perempuan,takut,6,./dataset/Actor_06/03-01-06-01-01-01-06.wav
337,perempuan,takut,6,./dataset/Actor_06/03-01-06-01-01-02-06.wav
338,perempuan,takut,6,./dataset/Actor_06/03-01-06-01-02-01-06.wav
339,perempuan,takut,6,./dataset/Actor_06/03-01-06-01-02-02-06.wav
340,perempuan,takut,6,./dataset/Actor_06/03-01-06-02-01-01-06.wav
341,perempuan,takut,6,./dataset/Actor_06/03-01-06-02-01-02-06.wav
342,perempuan,takut,6,./dataset/Actor_06/03-01-06-02-02-01-06.wav
343,perempuan,takut,6,./dataset/Actor_06/03-01-06-02-02-02-06.wav
344,perempuan,jijik,6,./dataset/Actor_06/03-01-07-01-01-01-06.wav
345,perempuan,jijik,6,./dataset/Actor_06/03-01-07-01-01-02-06.wav
346,perempuan,jijik,6,./dataset/Actor_06/03-01-07-01-02-01-06.wav
347,perempuan,jijik,6,./dataset/Actor_06/03-01-07-01-02-02-06.wav
348,perempuan,jijik,6,./dataset/Actor_06/03-01-07-02-01-01-06.wav
349,perempuan,jijik,6,./dataset/Actor_06/03-01-07-02-01-02-06.wav
350,perempuan,jijik,6,./dataset/Actor_06/03-01-07-02-02-01-06.wav
351,perempuan,jijik,6,./dataset/Actor_06/03-01-07-02-02-02-06.wav
352,perempuan,terkejut,6,./dataset/Actor_06/03-01-08-01-01-01-06.wav
353,perempuan,terkejut,6,./dataset/Actor_06/03-01-08-01-01-02-06.wav
354,perempuan,terkejut,6,./dataset/Actor_06/03-01-08-01-02-01-06.wav
355,perempuan,terkejut,6,./dataset/Actor_06/03-01-08-01-02-02-06.wav
356,perempuan,terkejut,6,./dataset/Actor_06/03-01-08-02-01-01-06.wav
357,perempuan,terkejut,6,./dataset/Actor_06/03-01-08-02-01-02-06.wav
358,perempuan,terkejut,6,./dataset/Actor_06/03-01-08-02-02-01-06.wav
359,perempuan,terkejut,6,./dataset/Actor_06/03-01-08-02-02-02-06.wav
360,laki-laki,netral,7,./dataset/Actor_07/03-01-01-01-01-01-07.wav
361,laki-laki,netral,7,./dataset/Actor_07/03-01-01-01-01-02-07.wav
362,laki-laki,netral,7,./dataset/Actor_07/03-01-01-01-02-01-07.wav
363,laki-laki,netral,7,./dataset/Actor_07/03-01-01-01-02-02-07.wav
364,laki-laki,calm,7,./dataset/Actor_07/03-01-02-01-01-01-07.wav
365,laki-laki,calm,7,./dataset/Actor_07/03-01-02-01-01-02-07.wav
366,laki-laki,calm,7,./dataset/Actor_07/03-01-02-01-02-01-07.wav
367,laki-laki,calm,7,./dataset/Actor_07/03-01-02-01-02-02-07.wav
368,laki-laki,calm,7,./dataset/Actor_07/03-01-02-02-01-01-07.wav
369,laki-laki,calm,7,./dataset/Actor_07/03-01-02-02-01-02-07.wav
370,laki-laki,calm,7,./dataset/Actor_07/03-01-02-02-02-01-07.wav
371,laki-laki,calm,7,./dataset/Actor_07/03-01-02-02-02-02-07.wav
372,laki-laki,bahagia,7,./dataset/Actor_07/03-01-03-01-01-01-07.wav
373,laki-laki,bahagia,7,./dataset/Actor_07/03-01-03-01-01-02-07.wav
374,laki-laki,bahagia,7,./dataset/Actor_07/03-01-03-01-02-01-07.wav
375,laki-laki,bahagia,7,./dataset/Actor_07/03-01-03-01-02-02-07.wav
376,laki-laki,bahagia,7,./dataset/Actor_07/03-01-03-02-01-01-07.wav
377,laki-laki,bahagia,7,./dataset/Actor_07/03-01-03-02-01-02-07.wav
378,laki-laki,bahagia,7,./dataset/Actor_07/03-01-03-02-02-01-07.wav
379,laki-laki,bahagia,7,./dataset/Actor_07/03-01-03-02-02-02-07.wav
380,laki-laki,sedih,7,./dataset/Actor_07/03-01-04-01-01-01-07.wav
381,laki-laki,sedih,7,./dataset/Actor_07/03-01-04-01-01-02-07.wav
382,laki-laki,sedih,7,./dataset/Actor_07/03-01-04-01-02-01-07.wav
383,laki-laki,sedih,7,./dataset/Actor_07/03-01-04-01-02-02-07.wav
384,laki-laki,sedih,7,./dataset/Actor_07/03-01-04-02-01-01-07.wav
385,laki-laki,sedih,7,./dataset/Actor_07/03-01-04-02-01-02-07.wav
386,laki-laki,sedih,7,./dataset/Actor_07/03-01-04-02-02-01-07.wav
387,laki-laki,sedih,7,./dataset/Actor_07/03-01-04-02-02-02-07.wav
388,laki-laki,marah,7,./dataset/Actor_07/03-01-05-01-01-01-07.wav
389,laki-laki,marah,7,./dataset/Actor_07/03-01-05-01-01-02-07.wav
390,laki-laki,marah,7,./dataset/Actor_07/03-01-05-01-02-01-07.wav
391,laki-laki,marah,7,./dataset/Actor_07/03-01-05-01-02-02-07.wav
392,laki-laki,marah,7,./dataset/Actor_07/03-01-05-02-01-01-07.wav
393,laki-laki,marah,7,./dataset/Actor_07/03-01-05-02-01-02-07.wav
394,laki-laki,marah,7,./dataset/Actor_07/03-01-05-02-02-01-07.wav
395,laki-laki,marah,7,./dataset/Actor_07/03-01-05-02-02-02-07.wav
396,laki-laki,takut,7,./dataset/Actor_07/03-01-06-01-01-01-07.wav
397,laki-laki,takut,7,./dataset/Actor_07/03-01-06-01-01-02-07.wav
398,laki-laki,takut,7,./dataset/Actor_07/03-01-06-01-02-01-07.wav
399,laki-laki,takut,7,./dataset/Actor_07/03-01-06-01-02-02-07.wav
400,laki-laki,takut,7,./dataset/Actor_07/03-01-06-02-01-01-07.wav
401,laki-laki,takut,7,./dataset/Actor_07/03-01-06-02-01-02-07.wav
402,laki-laki,takut,7,./dataset/Actor_07/03-01-06-02-02-01-07.wav
403,laki-laki,takut,7,./dataset/Actor_07/03-01-06-02-02-02-07.wav
404,laki-laki,jijik,7,./dataset/Actor_07/03-01-07-01-01-01-07.wav
405,laki-laki,jijik,7,./dataset/Actor_07/03-01-07-01-01-02-07.wav
406,laki-laki,jijik,7,./dataset/Actor_07/03-01-07-01-02-01-07.wav
407,laki-laki,jijik,7,./dataset/Actor_07/03-01-07-01-02-02-07.wav
408,laki-laki,jijik,7,./dataset/Actor_07/03-01-07-02-01-01-07.wav
409,laki-laki,jijik,7,./dataset/Actor_07/03-01-07-02-01-02-07.wav
410,laki-laki,jijik,7,./dataset/Actor_07/03-01-07-02-02-01-07.wav
411,laki-laki,jijik,7,./dataset/Actor_07/03-01-07-02-02-02-07.wav
412,laki-laki,terkejut,7,./dataset/Actor_07/03-01-08-01-01-01-07.wav
413,laki-laki,terkejut,7,./dataset/Actor_07/03-01-08-01-01-02-07.wav
414,laki-laki,terkejut,7,./dataset/Actor_07/03-01-08-01-02-01-07.wav
415,laki-laki,terkejut,7,./dataset/Actor_07/03-01-08-01-02-02-07.wav
416,laki-laki,terkejut,7,./dataset/Actor_07/03-01-08-02-01-01-07.wav
417,laki-laki,terkejut,7,./dataset/Actor_07/03-01-08-02-01-02-07.wav
418,laki-laki,terkejut,7,./dataset/Actor_07/03-01-08-02-02-01-07.wav
419,laki-laki,terkejut,7,./dataset/Actor_07/03-01-08-02-02-02-07.wav
420,perempuan,netral,8,./dataset/Actor_08/03-01-01-01-01-01-08.wav
421,perempuan,netral,8,./dataset/Actor_08/03-01-01-01-01-02-08.wav
422,perempuan,netral,8,./dataset/Actor_08/03-01-01-01-02-01-08.wav
423,perempuan,netral,8,./dataset/Actor_08/03-01-01-01-02-02-08.wav
424,perempuan,calm,8,./dataset/Actor_08/03-01-02-01-01-01-08.wav
425,perempuan,calm,8,./dataset/Actor_08/03-01-02-01-01-02-08.wav
426,perempuan,calm,8,./dataset/Actor_08/03-01-02-01-02-01-08.wav
427,perempuan,calm,8,./dataset/Actor_08/03-01-02-01-02-02-08.wav
428,perempuan,calm,8,./dataset/Actor_08/03-01-02-02-01-01-08.wav
429,perempuan,calm,8,./dataset/Actor_08/03-01-02-02-01-02-08.wav
430,perempuan,calm,8,./dataset/Actor_08/03-01-02-02-02-01-08.wav
431,perempuan,calm,8,./dataset/Actor_08/03-01-02-02-02-02-08.wav
432,perempuan,bahagia,8,./dataset/Actor_08/03-01-03-01-01-01-08.wav
433,perempuan,bahagia,8,./dataset/Actor_08/03-01-03-01-01-02-08.wav
434,perempuan,bahagia,8,./dataset/Actor_08/03-01-03-01-02-01-08.wav
435,perempuan,bahagia,8,./dataset/Actor_08/03-01-03-01-02-02-08.wav
436,perempuan,bahagia,8,./dataset/Actor_08/03-01-03-02-01-01-08.wav
437,perempuan,bahagia,8,./dataset/Actor_08/03-01-03-02-01-02-08.wav
438,perempuan,bahagia,8,./dataset/Actor_08/03-01-03-02-02-01-08.wav
439,perempuan,bahagia,8,./dataset/Actor_08/03-01-03-02-02-02-08.wav
440,perempuan,sedih,8,./dataset/Actor_08/03-01-04-01-01-01-08.wav
441,perempuan,sedih,8,./dataset/Actor_08/03-01-04-01-01-02-08.wav
442,perempuan,sedih,8,./dataset/Actor_08/03-01-04-01-02-01-08.wav
443,perempuan,sedih,8,./dataset/Actor_08/03-01-04-01-02-02-08.wav
444,perempuan,sedih,8,./dataset/Actor_08/03-01-04-02-01-01-08.wav
445,perempuan,sedih,8,./dataset/Actor_08/03-01-04-02-01-02-08.wav
446,perempuan,sedih,8,./dataset/Actor_08/03-01-04-02-02-01-08.wav
447,perempuan,sedih,8,./dataset/Actor_08/03-01-04-02-02-02-08.wav
448,perempuan,marah,8,./dataset/Actor_08/03-01-05-01-01-01-08.wav
449,perempuan,marah,8,./dataset/Actor_08/03-01-05-01-01-02-08.wav
450,perempuan,marah,8,./dataset/Actor_08/03-01-05-01-02-01-08.wav
451,perempuan,marah,8,./dataset/Actor_08/03-01-05-01-02-02-08.wav
452,perempuan,marah,8,./dataset/Actor_08/03-01-05-02-01-01-08.wav
453,perempuan,marah,8,./dataset/Actor_08/03-01-05-02-01-02-08.wav
454,perempuan,marah,8,./dataset/Actor_08/03-01-05-02-02-01-08.wav
455,perempuan,marah,8,./dataset/Actor_08/03-01-05-02-02-02-08.wav
456,perempuan,takut,8,./dataset/Actor_08/03-01-06-01-01-01-08.wav
457,perempuan,takut,8,./dataset/Actor_08/03-01-06-01-01-02-08.wav
458,perempuan,takut,8,./dataset/Actor_08/03-01-06-01-02-01-08.wav
459,perempuan,takut,8,./dataset/Actor_08/03-01-06-01-02-02-08.wav
460,perempuan,takut,8,./dataset/Actor_08/03-01-06-02-01-01-08.wav
461,perempuan,takut,8,./dataset/Actor_08/03-01-06-02-01-02-08.wav
462,perempuan,takut,8,./dataset/Actor_08/03-01-06-02-02-01-08.wav
463,perempuan,takut,8,./dataset/Actor_08/03-01-06-02-02-02-08.wav
464,perempuan,jijik,8,./dataset/Actor_08/03-01-07-01-01-01-08.wav
465,perempuan,jijik,8,./dataset/Actor_08/03-01-07-01-01-02-08.wav
466,perempuan,jijik,8,./dataset/Actor_08/03-01-07-01-02-01-08.wav
467,perempuan,jijik,8,./dataset/Actor_08/03-01-07-01-02-02-08.wav
468,perempuan,jijik,8,./dataset/Actor_08/03-01-07-02-01-01-08.wav
469,perempuan,jijik,8,./dataset/Actor_08/03-01-07-02-01-02-08.wav
470,perempuan,jijik,8,./dataset/Actor_08/03-01-07-02-02-01-08.wav
471,perempuan,jijik,8,./dataset/Actor_08/03-01-07-02-02-02-08.wav
472,perempuan,terkejut,8,./dataset/Actor_08/03-01-08-01-01-01-08.wav
473,perempuan,terkejut,8,./dataset/Actor_08/03-01-08-01-01-02-08.wav
474,perempuan,terkejut,8,./dataset/Actor_08/03-01-08-01-02-01-08.wav
475,perempuan,terkejut,8,./dataset/Actor_08/03-01-08-01-02-02-08.wav
476,perempuan,terkejut,8,./dataset/Actor_08/03-01-08-02-01-01-08.wav
477,perempuan,terkejut,8,./dataset/Actor_08/03-01-08-02-01-02-08.wav
478,perempuan,terkejut,8,./dataset/Actor_08/03-01-08-02-02-01-08.wav
479,perempuan,terkejut,8,./dataset/Actor_08/03-01-08-02-02-02-08.wav
480,laki-laki,netral,9,./dataset/Actor_09/03-01-01-01-01-01-09.wav
481,laki-laki,netral,9,./dataset/Actor_09/03-01-01-01-01-02-09.wav
482,laki-laki,netral,9,./dataset/Actor_09/03-01-01-01-02-01-09.wav
483,laki-laki,netral,9,./dataset/Actor_09/03-01-01-01-02-02-09.wav
484,laki-laki,calm,9,./dataset/Actor_09/03-01-02-01-01-01-09.wav
485,laki-laki,calm,9,./dataset/Actor_09/03-01-02-01-01-02-09.wav
486,laki-laki,calm,9,./dataset/Actor_09/03-01-02-01-02-01-09.wav
487,laki-laki,calm,9,./dataset/Actor_09/03-01-02-01-02-02-09.wav
488,laki-laki,calm,9,./dataset/Actor_09/03-01-02-02-01-01-09.wav
489,laki-laki,calm,9,./dataset/Actor_09/03-01-02-02-01-02-09.wav
490,laki-laki,calm,9,./dataset/Actor_09/03-01-02-02-02-01-09.wav
491,laki-laki,calm,9,./dataset/Actor_09/03-01-02-02-02-02-09.wav
492,laki-laki,bahagia,9,./dataset/Actor_09/03-01-03-01-01-01-09.wav
493,laki-laki,bahagia,9,./dataset/Actor_09/03-01-03-01-01-02-09.wav
494,laki-laki,bahagia,9,./dataset/Actor_09/03-01-03-01-02-01-09.wav
495,laki-laki,bahagia,9,./dataset/Actor_09/03-01-03-01-02-02-09.wav
496,laki-laki,bahagia,9,./dataset/Actor_09/03-01-03-02-01-01-09.wav
497,laki-laki,bahagia,9,./dataset/Actor_09/03-01-03-02-01-02-09.wav
498,laki-laki,bahagia,9,./dataset/Actor_09/03-01-03-02-02-01-09.wav
499,laki-laki,bahagia,9,./dataset/Actor_09/03-01-03-02-02-02-09.wav
500,laki-laki,sedih,9,./dataset/Actor_09/03-01-04-01-01-01-09.wav
501,laki-laki,sedih,9,./dataset/Actor_09/03-01-04-01-01-02-09.wav
502,laki-laki,sedih,9,./dataset/Actor_09/03-01-04-01-02-01-09.wav
503,laki-laki,sedih,9,./dataset/Actor_09/03-01-04-01-02-02-09.wav
504,laki-laki,sedih,9,./dataset/Actor_09/03-01-04-02-01-01-09.wav
505,laki-laki,sedih,9,./dataset/Actor_09/03-01-04-02-01-02-09.wav
506,laki-laki,sedih,9,./dataset/Actor_09/03-01-04-02-02-01-09.wav
507,laki-laki,sedih,9,./dataset/Actor_09/03-01-04-02-02-02-09.wav
508,laki-laki,marah,9,./dataset/Actor_09/03-01-05-01-01-01-09.wav
509,laki-laki,marah,9,./dataset/Actor_09/03-01-05-01-01-02-09.wav
510,laki-laki,marah,9,./dataset/Actor_09/03-01-05-01-02-01-09.wav
511,laki-laki,marah,9,./dataset/Actor_09/03-01-05-01-02-02-09.wav
512,laki-laki,marah,9,./dataset/Actor_09/03-01-05-02-01-01-09.wav
513,laki-laki,marah,9,./dataset/Actor_09/03-01-05-02-01-02-09.wav
514,laki-laki,marah,9,./dataset/Actor_09/03-01-05-02-02-01-09.wav
515,laki-laki,marah,9,./dataset/Actor_09/03-01-05-02-02-02-09.wav
516,laki-laki,takut,9,./dataset/Actor_09/03-01-06-01-01-01-09.wav
517,laki-laki,takut,9,./dataset/Actor_09/03-01-06-01-01-02-09.wav
518,laki-laki,takut,9,./dataset/Actor_09/03-01-06-01-02-01-09.wav
519,laki-laki,takut,9,./dataset/Actor_09/03-01-06-01-02-02-09.wav
520,laki-laki,takut,9,./dataset/Actor_09/03-01-06-02-01-01-09.wav
521,laki-laki,takut,9,./dataset/Actor_09/03-01-06-02-01-02-09.wav
522,laki-laki,takut,9,./dataset/Actor_09/03-01-06-02-02-01-09.wav
523,laki-laki,takut,9,./dataset/Actor_09/03-01-06-02-02-02-09.wav
524,laki-laki,jijik,9,./dataset/Actor_09/03-01-07-01-01-01-09.wav
525,laki-laki,jijik,9,./dataset/Actor_09/03-01-07-01-01-02-09.wav
526,laki-laki,jijik,9,./dataset/Actor_09/03-01-07-01-02-01-09.wav
527,laki-laki,jijik,9,./dataset/Actor_09/03-01-07-01-02-02-09.wav
528,laki-laki,jijik,9,./dataset/Actor_09/03-01-07-02-01-01-09.wav
529,laki-laki,jijik,9,./dataset/Actor_09/03-01-07-02-01-02-09.wav
530,laki-laki,jijik,9,./dataset/Actor_09/03-01-07-02-02-01-09.wav
531,laki-laki,jijik,9,./dataset/Actor_09/03-01-07-02-02-02-09.wav
532,laki-laki,terkejut,9,./dataset/Actor_09/03-01-08-01-01-01-09.wav
533,laki-laki,terkejut,9,./dataset/Actor_09/03-01-08-01-01-02-09.wav
534,laki-laki,terkejut,9,./dataset/Actor_09/03-01-08-01-02-01-09.wav
535,laki-laki,terkejut,9,./dataset/Actor_09/03-01-08-01-02-02-09.wav
536,laki-laki,terkejut,9,./dataset/Actor_09/03-01-08-02-01-01-09.wav
537,laki-laki,terkejut,9,./dataset/Actor_09/03-01-08-02-01-02-09.wav
538,laki-laki,terkejut,9,./dataset/Actor_09/03-01-08-02-02-01-09.wav
539,laki-laki,terkejut,9,./dataset/Actor_09/03-01-08-02-02-02-09.wav
540,perempuan,netral,10,./dataset/Actor_10/03-01-01-01-01-01-10.wav
541,perempuan,netral,10,./dataset/Actor_10/03-01-01-01-01-02-10.wav
542,perempuan,netral,10,./dataset/Actor_10/03-01-01-01-02-01-10.wav
543,perempuan,netral,10,./dataset/Actor_10/03-01-01-01-02-02-10.wav
544,perempuan,calm,10,./dataset/Actor_10/03-01-02-01-01-01-10.wav
545,perempuan,calm,10,./dataset/Actor_10/03-01-02-01-01-02-10.wav
546,perempuan,calm,10,./dataset/Actor_10/03-01-02-01-02-01-10.wav
547,perempuan,calm,10,./dataset/Actor_10/03-01-02-01-02-02-10.wav
548,perempuan,calm,10,./dataset/Actor_10/03-01-02-02-01-01-10.wav
549,perempuan,calm,10,./dataset/Actor_10/03-01-02-02-01-02-10.wav
550,perempuan,calm,10,./dataset/Actor_10/03-01-02-02-02-01-10.wav
551,perempuan,calm,10,./dataset/Actor_10/03-01-02-02-02-02-10.wav
552,perempuan,bahagia,10,./dataset/Actor_10/03-01-03-01-01-01-10.wav
553,perempuan,bahagia,10,./dataset/Actor_10/03-01-03-01-01-02-10.wav
554,perempuan,bahagia,10,./dataset/Actor_10/03-01-03-01-02-01-10.wav
555,perempuan,bahagia,10,./dataset/Actor_10/03-01-03-01-02-02-10.wav
556,perempuan,bahagia,10,./dataset/Actor_10/03-01-03-02-01-01-10.wav
557,perempuan,bahagia,10,./dataset/Actor_10/03-01-03-02-01-02-10.wav
558,perempuan,bahagia,10,./dataset/Actor_10/03-01-03-02-02-01-10.wav
559,perempuan,bahagia,10,./dataset/Actor_10/03-01-03-02-02-02-10.wav
560,perempuan,sedih,10,./dataset/Actor_10/03-01-04-01-01-01-10.wav
561,perempuan,sedih,10,./dataset/Actor_10/03-01-04-01-01-02-10.wav
562,perempuan,sedih,10,./dataset/Actor_10/03-01-04-01-02-01-10.wav
563,perempuan,sedih,10,./dataset/Actor_10/03-01-04-01-02-02-10.wav
564,perempuan,sedih,10,./dataset/Actor_10/03-01-04-02-01-01-10.wav
565,perempuan,sedih,10,./dataset/Actor_10/03-01-04-02-01-02-10.wav
566,perempuan,sedih,10,./dataset/Actor_10/03-01-04-02-02-01-10.wav
567,perempuan,sedih,10,./dataset/Actor_10/03-01-04-02-02-02-10.wav
568,perempuan,marah,10,./dataset/Actor_10/03-01-05-01-01-01-10.wav
569,perempuan,marah,10,./dataset/Actor_10/03-01-05-01-01-02-10.wav
570,perempuan,marah,10,./dataset/Actor_10/03-01-05-01-02-01-10.wav
571,perempuan,marah,10,./dataset/Actor_10/03-01-05-01-02-02-10.wav
572,perempuan,marah,10,./dataset/Actor_10/03-01-05-02-01-01-10.wav
573,perempuan,marah,10,./dataset/Actor_10/03-01-05-02-01-02-10.wav
574,perempuan,marah,10,./dataset/Actor_10/03-01-05-02-02-01-10.wav
575,perempuan,marah,10,./dataset/Actor_10/03-01-05-02-02-02-10.wav
576,perempuan,takut,10,./dataset/Actor_10/03-01-06-01-01-01-10.wav
577,perempuan,takut,10,./dataset/Actor_10/03-01-06-01-01-02-10.wav
578,perempuan,takut,10,./dataset/Actor_10/03-01-06-01-02-01-10.wav
579,perempuan,takut,10,./dataset/Actor_10/03-01-06-01-02-02-10.wav
580,perempuan,takut,10,./dataset/Actor_10/03-01-06-02-01-01-10.wav
581,perempuan,takut,10,./dataset/Actor_10/03-01-06-02-01-02-10.wav
582,perempuan,takut,10,./dataset/Actor_10/03-01-06-02-02-01-10.wav
583,perempuan,takut,10,./dataset/Actor_10/03-01-06-02-02-02-10.wav
584,perempuan,jijik,10,./dataset/Actor_10/03-01-07-01-01-01-10.wav
585,perempuan,jijik,10,./dataset/Actor_10/03-01-07-01-01-02-10.wav
586,perempuan,jijik,10,./dataset/Actor_10/03-01-07-01-02-01-10.wav
587,perempuan,jijik,10,./dataset/Actor_10/03-01-07-01-02-02-10.wav
588,perempuan,jijik,10,./dataset/Actor_10/03-01-07-02-01-01-10.wav
589,perempuan,jijik,10,./dataset/Actor_10/03-01-07-02-01-02-10.wav
590,perempuan,jijik,10,./dataset/Actor_10/03-01-07-02-02-01-10.wav
591,perempuan,jijik,10,./dataset/Actor_10/03-01-07-02-02-02-10.wav
592,perempuan,terkejut,10,./dataset/Actor_10/03-01-08-01-01-01-10.wav
593,perempuan,terkejut,10,./dataset/Actor_10/03-01-08-01-01-02-10.wav
594,perempuan,terkejut,10,./dataset/Actor_10/03-01-08-01-02-01-10.wav
595,perempuan,terkejut,10,./dataset/Actor_10/03-01-08-01-02-02-10.wav
596,perempuan,terkejut,10,./dataset/Actor_10/03-01-08-02-01-01-10.wav
597,perempuan,terkejut,10,./dataset/Actor_10/03-01-08-02-01-02-10.wav
598,perempuan,terkejut,10,./dataset/Actor_10/03-01-08-02-02-01-10.wav
599,perempuan,terkejut,10,./dataset/Actor_10/03-01-08-02-02-02-10.wav
600,laki-laki,netral,11,./dataset/Actor_11/03-01-01-01-01-01-11.wav
601,laki-laki,netral,11,./dataset/Actor_11/03-01-01-01-01-02-11.wav
602,laki-laki,netral,11,./dataset/Actor_11/03-01-01-01-02-01-11.wav
603,laki-laki,netral,11,./dataset/Actor_11/03-01-01-01-02-02-11.wav
604,laki-laki,calm,11,./dataset/Actor_11/03-01-02-01-01-01-11.wav
605,laki-laki,calm,11,./dataset/Actor_11/03-01-02-01-01-02-11.wav
606,laki-laki,calm,11,./dataset/Actor_11/03-01-02-01-02-01-11.wav
607,laki-laki,calm,11,./dataset/Actor_11/03-01-02-01-02-02-11.wav
608,laki-laki,calm,11,./dataset/Actor_11/03-01-02-02-01-01-11.wav
609,laki-laki,calm,11,./dataset/Actor_11/03-01-02-02-01-02-11.wav
610,laki-laki,calm,11,./dataset/Actor_11/03-01-02-02-02-01-11.wav
611,laki-laki,calm,11,./dataset/Actor_11/03-01-02-02-02-02-11.wav
612,laki-laki,bahagia,11,./dataset/Actor_11/03-01-03-01-01-01-11.wav
613,laki-laki,bahagia,11,./dataset/Actor_11/03-01-03-01-01-02-11.wav
614,laki-laki,bahagia,11,./dataset/Actor_11/03-01-03-01-02-01-11.wav
615,laki-laki,bahagia,11,./dataset/Actor_11/03-01-03-01-02-02-11.wav
616,laki-laki,bahagia,11,./dataset/Actor_11/03-01-03-02-01-01-11.wav
617,laki-laki,bahagia,11,./dataset/Actor_11/03-01-03-02-01-02-11.wav
618,laki-laki,bahagia,11,./dataset/Actor_11/03-01-03-02-02-01-11.wav
619,laki-laki,bahagia,11,./dataset/Actor_11/03-01-03-02-02-02-11.wav
620,laki-laki,sedih,11,./dataset/Actor_11/03-01-04-01-01-01-11.wav
621,laki-laki,sedih,11,./dataset/Actor_11/03-01-04-01-01-02-11.wav
622,laki-laki,sedih,11,./dataset/Actor_11/03-01-04-01-02-01-11.wav
623,laki-laki,sedih,11,./dataset/Actor_11/03-01-04-01-02-02-11.wav
624,laki-laki,sedih,11,./dataset/Actor_11/03-01-04-02-01-01-11.wav
625,laki-laki,sedih,11,./dataset/Actor_11/03-01-04-02-01-02-11.wav
626,laki-laki,sedih,11,./dataset/Actor_11/03-01-04-02-02-01-11.wav
627,laki-laki,sedih,11,./dataset/Actor_11/03-01-04-02-02-02-11.wav
628,laki-laki,marah,11,./dataset/Actor_11/03-01-05-01-01-01-11.wav
629,laki-laki,marah,11,./dataset/Actor_11/03-01-05-01-01-02-11.wav
630,laki-laki,marah,11,./dataset/Actor_11/03-01-05-01-02-01-11.wav
631,laki-laki,marah,11,./dataset/Actor_11/03-01-05-01-02-02-11.wav
632,laki-laki,marah,11,./dataset/Actor_11/03-01-05-02-01-01-11.wav
633,laki-laki,marah,11,./dataset/Actor_11/03-01-05-02-01-02-11.wav
634,laki-laki,marah,11,./dataset/Actor_11/03-01-05-02-02-01-11.wav
635,laki-laki,marah,11,./dataset/Actor_11/03-01-05-02-02-02-11.wav
636,laki-laki,takut,11,./dataset/Actor_11/03-01-06-01-01-01-11.wav
637,laki-laki,takut,11,./dataset/Actor_11/03-01-06-01-01-02-11.wav
638,laki-laki,takut,11,./dataset/Actor_11/03-01-06-01-02-01-11.wav
639,laki-laki,takut,11,./dataset/Actor_11/03-01-06-01-02-02-11.wav
640,laki-laki,takut,11,./dataset/Actor_11/03-01-06-02-01-01-11.wav
641,laki-laki,takut,11,./dataset/Actor_11/03-01-06-02-01-02-11.wav
642,laki-laki,takut,11,./dataset/Actor_11/03-01-06-02-02-01-11.wav
643,laki-laki,takut,11,./dataset/Actor_11/03-01-06-02-02-02-11.wav
644,laki-laki,jijik,11,./dataset/Actor_11/03-01-07-01-01-01-11.wav
645,laki-laki,jijik,11,./dataset/Actor_11/03-01-07-01-01-02-11.wav
646,laki-laki,jijik,11,./dataset/Actor_11/03-01-07-01-02-01-11.wav
647,laki-laki,jijik,11,./dataset/Actor_11/03-01-07-01-02-02-11.wav
648,laki-laki,jijik,11,./dataset/Actor_11/03-01-07-02-01-01-11.wav
649,laki-laki,jijik,11,./dataset/Actor_11/03-01-07-02-01-02-11.wav
650,laki-laki,jijik,11,./dataset/Actor_11/03-01-07-02-02-01-11.wav
651,laki-laki,jijik,11,./dataset/Actor_11/03-01-07-02-02-02-11.wav
652,laki-laki,terkejut,11,./dataset/Actor_11/03-01-08-01-01-01-11.wav
653,laki-laki,terkejut,11,./dataset/Actor_11/03-01-08-01-01-02-11.wav
654,laki-laki,terkejut,11,./dataset/Actor_11/03-01-08-01-02-01-11.wav
655,laki-laki,terkejut,11,./dataset/Actor_11/03-01-08-01-02-02-11.wav
656,laki-laki,terkejut,11,./dataset/Actor_11/03-01-08-02-01-01-11.wav
657,laki-laki,terkejut,11,./dataset/Actor_11/03-01-08-02-01-02-11.wav
658,laki-laki,terkejut,11,./dataset/Actor_11/03-01-08-02-02-01-11.wav
659,laki-laki,terkejut,11,./dataset/Actor_11/03-01-08-02-02-02-11.wav
660,perempuan,netral,12,./dataset/Actor_12/03-01-01-01-01-01-12.wav
661,perempuan,netral,12,./dataset/Actor_12/03-01-01-01-01-02-12.wav
662,perempuan,netral,12,./dataset/Actor_12/03-01-01-01-02-01-12.wav
663,perempuan,netral,12,./dataset/Actor_12/03-01-01-01-02-02-12.wav
664,perempuan,calm,12,./dataset/Actor_12/03-01-02-01-01-01-12.wav
665,perempuan,calm,12,./dataset/Actor_12/03-01-02-01-01-02-12.wav
666,perempuan,calm,12,./dataset/Actor_12/03-01-02-01-02-01-12.wav
667,perempuan,calm,12,./dataset/Actor_12/03-01-02-01-02-02-12.wav
668,perempuan,calm,12,./dataset/Actor_12/03-01-02-02-01-01-12.wav
669,perempuan,calm,12,./dataset/Actor_12/03-01-02-02-01-02-12.wav
670,perempuan,calm,12,./dataset/Actor_12/03-01-02-02-02-01-12.wav
671,perempuan,calm,12,./dataset/Actor_12/03-01-02-02-02-02-12.wav
672,perempuan,bahagia,12,./dataset/Actor_12/03-01-03-01-01-01-12.wav
673,perempuan,bahagia,12,./dataset/Actor_12/03-01-03-01-01-02-12.wav
674,perempuan,bahagia,12,./dataset/Actor_12/03-01-03-01-02-01-12.wav
675,perempuan,bahagia,12,./dataset/Actor_12/03-01-03-01-02-02-12.wav
676,perempuan,bahagia,12,./dataset/Actor_12/03-01-03-02-01-01-12.wav
677,perempuan,bahagia,12,./dataset/Actor_12/03-01-03-02-01-02-12.wav
678,perempuan,bahagia,12,./dataset/Actor_12/03-01-03-02-02-01-12.wav
679,perempuan,bahagia,12,./dataset/Actor_12/03-01-03-02-02-02-12.wav
680,perempuan,sedih,12,./dataset/Actor_12/03-01-04-01-01-01-12.wav
681,perempuan,sedih,12,./dataset/Actor_12/03-01-04-01-01-02-12.wav
682,perempuan,sedih,12,./dataset/Actor_12/03-01-04-01-02-01-12.wav
683,perempuan,sedih,12,./dataset/Actor_12/03-01-04-01-02-02-12.wav
684,perempuan,sedih,12,./dataset/Actor_12/03-01-04-02-01-01-12.wav
685,perempuan,sedih,12,./dataset/Actor_12/03-01-04-02-01-02-12.wav
686,perempuan,sedih,12,./dataset/Actor_12/03-01-04-02-02-01-12.wav
687,perempuan,sedih,12,./dataset/Actor_12/03-01-04-02-02-02-12.wav
688,perempuan,marah,12,./dataset/Actor_12/03-01-05-01-01-01-12.wav
689,perempuan,marah,12,./dataset/Actor_12/03-01-05-01-01-02-12.wav
690,perempuan,marah,12,./dataset/Actor_12/03-01-05-01-02-01-12.wav
691,perempuan,marah,12,./dataset/Actor_12/03-01-05-01-02-02-12.wav
692,perempuan,marah,12,./dataset/Actor_12/03-01-05-02-01-01-12.wav
693,perempuan,marah,12,./dataset/Actor_12/03-01-05-02-01-02-12.wav
694,perempuan,marah,12,./dataset/Actor_12/03-01-05-02-02-01-12.wav
695,perempuan,marah,12,./dataset/Actor_12/03-01-05-02-02-02-12.wav
696,perempuan,takut,12,./dataset/Actor_12/03-01-06-01-01-01-12.wav
697,perempuan,takut,12,./dataset/Actor_12/03-01-06-01-01-02-12.wav
698,perempuan,takut,12,./dataset/Actor_12/03-01-06-01-02-01-12.wav
699,perempuan,takut,12,./dataset/Actor_12/03-01-06-01-02-02-12.wav
700,perempuan,takut,12,./dataset/Actor_12/03-01-06-02-01-01-12.wav
701,perempuan,takut,12,./dataset/Actor_12/03-01-06-02-01-02-12.wav
702,perempuan,takut,12,./dataset/Actor_12/03-01-06-02-02-01-12.wav
703,perempuan,takut,12,./dataset/Actor_12/03-01-06-02-02-02-12.wav
704,perempuan,jijik,12,./dataset/Actor_12/03-01-07-01-01-01-12.wav
705,perempuan,jijik,12,./dataset/Actor_12/03-01-07-01-01-02-12.wav
706,perempuan,jijik,12,./dataset/Actor_12/03-01-07-01-02-01-12.wav
707,perempuan,jijik,12,./dataset/Actor_12/03-01-07-01-02-02-12.wav
708,perempuan,jijik,12,./dataset/Actor_12/03-01-07-02-01-01-12.wav
709,perempuan,jijik,12,./dataset/Actor_12/03-01-07-02-01-02-12.wav
710,perempuan,jijik,12,./dataset/Actor_12/03-01-07-02-02-01-12.wav
711,perempuan,jijik,12,./dataset/Actor_12/03-01-07-02-02-02-12.wav
712,perempuan,terkejut,12,./dataset/Actor_12/03-01-08-01-01-01-12.wav
713,perempuan,terkejut,12,./dataset/Actor_12/03-01-08-01-01-02-12.wav
714,perempuan,terkejut,12,./dataset/Actor_12/03-01-08-01-02-01-12.wav
715,perempuan,terkejut,12,./dataset/Actor_12/03-01-08-01-02-02-12.wav
716,perempuan,terkejut,12,./dataset/Actor_12/03-01-08-02-01-01-12.wav
717,perempuan,terkejut,12,./dataset/Actor_12/03-01-08-02-01-02-12.wav
718,perempuan,terkejut,12,./dataset/Actor_12/03-01-08-02-02-01-12.wav
719,perempuan,terkejut,12,./dataset/Actor_12/03-01-08-02-02-02-12.wav
720,laki-laki,netral,13,./dataset/Actor_13/03-01-01-01-01-01-13.wav
721,laki-laki,netral,13,./dataset/Actor_13/03-01-01-01-01-02-13.wav
722,laki-laki,netral,13,./dataset/Actor_13/03-01-01-01-02-01-13.wav
723,laki-laki,netral,13,./dataset/Actor_13/03-01-01-01-02-02-13.wav
724,laki-laki,calm,13,./dataset/Actor_13/03-01-02-01-01-01-13.wav
725,laki-laki,calm,13,./dataset/Actor_13/03-01-02-01-01-02-13.wav
726,laki-laki,calm,13,./dataset/Actor_13/03-01-02-01-02-01-13.wav
727,laki-laki,calm,13,./dataset/Actor_13/03-01-02-01-02-02-13.wav
728,laki-laki,calm,13,./dataset/Actor_13/03-01-02-02-01-01-13.wav
729,laki-laki,calm,13,./dataset/Actor_13/03-01-02-02-01-02-13.wav
730,laki-laki,calm,13,./dataset/Actor_13/03-01-02-02-02-01-13.wav
731,laki-laki,calm,13,./dataset/Actor_13/03-01-02-02-02-02-13.wav
732,laki-laki,bahagia,13,./dataset/Actor_13/03-01-03-01-01-01-13.wav
733,laki-laki,bahagia,13,./dataset/Actor_13/03-01-03-01-01-02-13.wav
734,laki-laki,bahagia,13,./dataset/Actor_13/03-01-03-01-02-01-13.wav
735,laki-laki,bahagia,13,./dataset/Actor_13/03-01-03-01-02-02-13.wav
736,laki-laki,bahagia,13,./dataset/Actor_13/03-01-03-02-01-01-13.wav
737,laki-laki,bahagia,13,./dataset/Actor_13/03-01-03-02-01-02-13.wav
738,laki-laki,bahagia,13,./dataset/Actor_13/03-01-03-02-02-01-13.wav
739,laki-laki,bahagia,13,./dataset/Actor_13/03-01-03-02-02-02-13.wav
740,laki-laki,sedih,13,./dataset/Actor_13/03-01-04-01-01-01-13.wav
741,laki-laki,sedih,13,./dataset/Actor_13/03-01-04-01-01-02-13.wav
742,laki-laki,sedih,13,./dataset/Actor_13/03-01-04-01-02-01-13.wav
743,laki-laki,sedih,13,./dataset/Actor_13/03-01-04-01-02-02-13.wav
744,laki-laki,sedih,13,./dataset/Actor_13/03-01-04-02-01-01-13.wav
745,laki-laki,sedih,13,./dataset/Actor_13/03-01-04-02-01-02-13.wav
746,laki-laki,sedih,13,./dataset/Actor_13/03-01-04-02-02-01-13.wav
747,laki-laki,sedih,13,./dataset/Actor_13/03-01-04-02-02-02-13.wav
748,laki-laki,marah,13,./dataset/Actor_13/03-01-05-01-01-01-13.wav
749,laki-laki,marah,13,./dataset/Actor_13/03-01-05-01-01-02-13.wav
750,laki-laki,marah,13,./dataset/Actor_13/03-01-05-01-02-01-13.wav
751,laki-laki,marah,13,./dataset/Actor_13/03-01-05-01-02-02-13.wav
752,laki-laki,marah,13,./dataset/Actor_13/03-01-05-02-01-01-13.wav
753,laki-laki,marah,13,./dataset/Actor_13/03-01-05-02-01-02-13.wav
754,laki-laki,marah,13,./dataset/Actor_13/03-01-05-02-02-01-13.wav
755,laki-laki,marah,13,./dataset/Actor_13/03-01-05-02-02-02-13.wav
756,laki-laki,takut,13,./dataset/Actor_13/03-01-06-01-01-01-13.wav
757,laki-laki,takut,13,./dataset/Actor_13/03-01-06-01-01-02-13.wav
758,laki-laki,takut,13,./dataset/Actor_13/03-01-06-01-02-01-13.wav
759,laki-laki,takut,13,./dataset/Actor_13/03-01-06-01-02-02-13.wav
760,laki-laki,takut,13,./dataset/Actor_13/03-01-06-02-01-01-13.wav
761,laki-laki,takut,13,./dataset/Actor_13/03-01-06-02-01-02-13.wav
762,laki-laki,takut,13,./dataset/Actor_13/03-01-06-02-02-01-13.wav
763,laki-laki,takut,13,./dataset/Actor_13/03-01-06-02-02-02-13.wav
764,laki-laki,jijik,13,./dataset/Actor_13/03-01-07-01-01-01-13.wav
765,laki-laki,jijik,13,./dataset/Actor_13/03-01-07-01-01-02-13.wav
766,laki-laki,jijik,13,./dataset/Actor_13/03-01-07-01-02-01-13.wav
767,laki-laki,jijik,13,./dataset/Actor_13/03-01-07-01-02-02-13.wav
768,laki-laki,jijik,13,./dataset/Actor_13/03-01-07-02-01-01-13.wav
769,laki-laki,jijik,13,./dataset/Actor_13/03-01-07-02-01-02-13.wav
770,laki-laki,jijik,13,./dataset/Actor_13/03-01-07-02-02-01-13.wav
771,laki-laki,jijik,13,./dataset/Actor_13/03-01-07-02-02-02-13.wav
772,laki-laki,terkejut,13,./dataset/Actor_13/03-01-08-01-01-01-13.wav
773,laki-laki,terkejut,13,./dataset/Actor_13/03-01-08-01-01-02-13.wav
774,laki-laki,terkejut,13,./dataset/Actor_13/03-01-08-01-02-01-13.wav
775,laki-laki,terkejut,13,./dataset/Actor_13/03-01-08-01-02-02-13.wav
776,laki-laki,terkejut,13,./dataset/Actor_13/03-01-08-02-01-01-13.wav
777,laki-laki,terkejut,13,./dataset/Actor_13/03-01-08-02-01-02-13.wav
778,laki-laki,terkejut,13,./dataset/Actor_13/03-01-08-02-02-01-13.wav
779,laki-laki,terkejut,13,./dataset/Actor_13/03-01-08-02-02-02-13.wav
780,perempuan,netral,14,./dataset/Actor_14/03-01-01-01-01-01-14.wav
781,perempuan,netral,14,./dataset/Actor_14/03-01-01-01-01-02-14.wav
782,perempuan,netral,14,./dataset/Actor_14/03-01-01-01-02-01-14.wav
783,perempuan,netral,14,./dataset/Actor_14/03-01-01-01-02-02-14.wav
784,perempuan,calm,14,./dataset/Actor_14/03-01-02-01-01-01-14.wav
785,perempuan,calm,14,./dataset/Actor_14/03-01-02-01-01-02-14.wav
786,perempuan,calm,14,./dataset/Actor_14/03-01-02-01-02-01-14.wav
787,perempuan,calm,14,./dataset/Actor_14/03-01-02-01-02-02-14.wav
788,perempuan,calm,14,./dataset/Actor_14/03-01-02-02-01-01-14.wav
789,perempuan,calm,14,./dataset/Actor_14/03-01-02-02-01-02-14.wav
790,perempuan,calm,14,./dataset/Actor_14/03-01-02-02-02-01-14.wav
791,perempuan,calm,14,./dataset/Actor_14/03-01-02-02-02-02-14.wav
792,perempuan,bahagia,14,./dataset/Actor_14/03-01-03-01-01-01-14.wav
793,perempuan,bahagia,14,./dataset/Actor_14/03-01-03-01-01-02-14.wav
794,perempuan,bahagia,14,./dataset/Actor_14/03-01-03-01-02-01-14.wav
795,perempuan,bahagia,14,./dataset/Actor_14/03-01-03-01-02-02-14.wav
796,perempuan,bahagia,14,./dataset/Actor_14/03-01-03-02-01-01-14.wav
797,perempuan,bahagia,14,./dataset/Actor_14/03-01-03-02-01-02-14.wav
798,perempuan,bahagia,14,./dataset/Actor_14/03-01-03-02-02-01-14.wav
799,perempuan,bahagia,14,./dataset/Actor_14/03-01-03-02-02-02-14.wav
800,perempuan,sedih,14,./dataset/Actor_14/03-01-04-01-01-01-14.wav
801,perempuan,sedih,14,./dataset/Actor_14/03-01-04-01-01-02-14.wav
802,perempuan,sedih,14,./dataset/Actor_14/03-01-04-01-02-01-14.wav
803,perempuan,sedih,14,./dataset/Actor_14/03-01-04-01-02-02-14.wav
804,perempuan,sedih,14,./dataset/Actor_14/03-01-04-02-01-01-14.wav
805,perempuan,sedih,14,./dataset/Actor_14/03-01-04-02-01-02-14.wav
806,perempuan,sedih,14,./dataset/Actor_14/03-01-04-02-02-01-14.wav
807,perempuan,sedih,14,./dataset/Actor_14/03-01-04-02-02-02-14.wav
808,perempuan,marah,14,./dataset/Actor_14/03-01-05-01-01-01-14.wav
809,perempuan,marah,14,./dataset/Actor_14/03-01-05-01-01-02-14.wav
810,perempuan,marah,14,./dataset/Actor_14/03-01-05-01-02-01-14.wav
811,perempuan,marah,14,./dataset/Actor_14/03-01-05-01-02-02-14.wav
812,perempuan,marah,14,./dataset/Actor_14/03-01-05-02-01-01-14.wav
813,perempuan,marah,14,./dataset/Actor_14/03-01-05-02-01-02-14.wav
814,perempuan,marah,14,./dataset/Actor_14/03-01-05-02-02-01-14.wav
815,perempuan,marah,14,./dataset/Actor_14/03-01-05-02-02-02-14.wav
816,perempuan,takut,14,./dataset/Actor_14/03-01-06-01-01-01-14.wav
817,perempuan,takut,14,./dataset/Actor_14/03-01-06-01-01-02-14.wav
818,perempuan,takut,14,./dataset/Actor_14/03-01-06-01-02-01-14.wav
819,perempuan,takut,14,./dataset/Actor_14/03-01-06-01-02-02-14.wav
820,perempuan,takut,14,./dataset/Actor_14/03-01-06-02-01-01-14.wav
821,perempuan,takut,14,./dataset/Actor_14/03-01-06-02-01-02-14.wav
822,perempuan,takut,14,./dataset/Actor_14/03-01-06-02-02-01-14.wav
823,perempuan,takut,14,./dataset/Actor_14/03-01-06-02-02-02-14.wav
824,perempuan,jijik,14,./dataset/Actor_14/03-01-07-01-01-01-14.wav
825,perempuan,jijik,14,./dataset/Actor_14/03-01-07-01-01-02-14.wav
826,perempuan,jijik,14,./dataset/Actor_14/03-01-07-01-02-01-14.wav
827,perempuan,jijik,14,./dataset/Actor_14/03-01-07-01-02-02-14.wav
828,perempuan,jijik,14,./dataset/Actor_14/03-01-07-02-01-01-14.wav
829,perempuan,jijik,14,./dataset/Actor_14/03-01-07-02-01-02-14.wav
830,perempuan,jijik,14,./dataset/Actor_14/03-01-07-02-02-01-14.wav
831,perempuan,jijik,14,./dataset/Actor_14/03-01-07-02-02-02-14.wav
832,perempuan,terkejut,14,./dataset/Actor_14/03-01-08-01-01-01-14.wav
833,perempuan,terkejut,14,./dataset/Actor_14/03-01-08-01-01-02-14.wav
834,perempuan,terkejut,14,./dataset/Actor_14/03-01-08-01-02-01-14.wav
835,perempuan,terkejut,14,./dataset/Actor_14/03-01-08-01-02-02-14.wav
836,perempuan,terkejut,14,./dataset/Actor_14/03-01-08-02-01-01-14.wav
837,perempuan,terkejut,14,./dataset/Actor_14/03-01-08-02-01-02-14.wav
838,perempuan,terkejut,14,./dataset/Actor_14/03-01-08-02-02-01-14.wav
839,perempuan,terkejut,14,./dataset/Actor_14/03-01-08-02-02-02-14.wav
840,laki-laki,netral,15,./dataset/Actor_15/03-01-01-01-01-01-15.wav
841,laki-laki,netral,15,./dataset/Actor_15/03-01-01-01-01-02-15.wav
842,laki-laki,netral,15,./dataset/Actor_15/03-01-01-01-02-01-15.wav
843,laki-laki,netral,15,./dataset/Actor_15/03-01-01-01-02-02-15.wav
844,laki-laki,calm,15,./dataset/Actor_15/03-01-02-01-01-01-15.wav
845,laki-laki,calm,15,./dataset/Actor_15/03-01-02-01-01-02-15.wav
846,laki-laki,calm,15,./dataset/Actor_15/03-01-02-01-02-01-15.wav
847,laki-laki,calm,15,./dataset/Actor_15/03-01-02-01-02-02-15.wav
848,laki-laki,calm,15,./dataset/Actor_15/03-01-02-02-01-01-15.wav
849,laki-laki,calm,15,./dataset/Actor_15/03-01-02-02-01-02-15.wav
850,laki-laki,calm,15,./dataset/Actor_15/03-01-02-02-02-01-15.wav
851,laki-laki,calm,15,./dataset/Actor_15/03-01-02-02-02-02-15.wav
852,laki-laki,bahagia,15,./dataset/Actor_15/03-01-03-01-01-01-15.wav
853,laki-laki,bahagia,15,./dataset/Actor_15/03-01-03-01-01-02-15.wav
854,laki-laki,bahagia,15,./dataset/Actor_15/03-01-03-01-02-01-15.wav
855,laki-laki,bahagia,15,./dataset/Actor_15/03-01-03-01-02-02-15.wav
856,laki-laki,bahagia,15,./dataset/Actor_15/03-01-03-02-01-01-15.wav
857,laki-laki,bahagia,15,./dataset/Actor_15/03-01-03-02-01-02-15.wav
858,laki-laki,bahagia,15,./dataset/Actor_15/03-01-03-02-02-01-15.wav
859,laki-laki,bahagia,15,./dataset/Actor_15/03-01-03-02-02-02-15.wav
860,laki-laki,sedih,15,./dataset/Actor_15/03-01-04-01-01-01-15.wav
861,laki-laki,sedih,15,./dataset/Actor_15/03-01-04-01-01-02-15.wav
862,laki-laki,sedih,15,./dataset/Actor_15/03-01-04-01-02-01-15.wav
863,laki-laki,sedih,15,./dataset/Actor_15/03-01-04-01-02-02-15.wav
864,laki-laki,sedih,15,./dataset/Actor_15/03-01-04-02-01-01-15.wav
865,laki-laki,sedih,15,./dataset/Actor_15/03-01-04-02-01-02-15.wav
866,laki-laki,sedih,15,./dataset/Actor_15/03-01-04-02-02-01-15.wav
867,laki-laki,sedih,15,./dataset/Actor_15/03-01-04-02-02-02-15.wav
868,laki-laki,marah,15,./dataset/Actor_15/03-01-05-01-01-01-15.wav
869,laki-laki,marah,15,./dataset/Actor_15/03-01-05-01-01-02-15.wav
870,laki-laki,marah,15,./dataset/Actor_15/03-01-05-01-02-01-15.wav
871,laki-laki,marah,15,./dataset/Actor_15/03-01-05-01-02-02-15.wav
872,laki-laki,marah,15,./dataset/Actor_15/03-01-05-02-01-01-15.wav
873,laki-laki,marah,15,./dataset/Actor_15/03-01-05-02-01-02-15.wav
874,laki-laki,marah,15,./dataset/Actor_15/03-01-05-02-02-01-15.wav
875,laki-laki,marah,15,./dataset/Actor_15/03-01-05-02-02-02-15.wav
876,laki-laki,takut,15,./dataset/Actor_15/03-01-06-01-01-01-15.wav
877,laki-laki,takut,15,./dataset/Actor_15/03-01-06-01-01-02-15.wav
878,laki-laki,takut,15,./dataset/Actor_15/03-01-06-01-02-01-15.wav
879,laki-laki,takut,15,./dataset/Actor_15/03-01-06-01-02-02-15.wav
880,laki-laki,takut,15,./dataset/Actor_15/03-01-06-02-01-01-15.wav
881,laki-laki,takut,15,./dataset/Actor_15/03-01-06-02-01-02-15.wav
882,laki-laki,takut,15,./dataset/Actor_15/03-01-06-02-02-01-15.wav
883,laki-laki,takut,15,./dataset/Actor_15/03-01-06-02-02-02-15.wav
884,laki-laki,jijik,15,./dataset/Actor_15/03-01-07-01-01-01-15.wav
885,laki-laki,jijik,15,./dataset/Actor_15/03-01-07-01-01-02-15.wav
886,laki-laki,jijik,15,./dataset/Actor_15/03-01-07-01-02-01-15.wav
887,laki-laki,jijik,15,./dataset/Actor_15/03-01-07-01-02-02-15.wav
888,laki-laki,jijik,15,./dataset/Actor_15/03-01-07-02-01-01-15.wav
889,laki-laki,jijik,15,./dataset/Actor_15/03-01-07-02-01-02-15.wav
890,laki-laki,jijik,15,./dataset/Actor_15/03-01-07-02-02-01-15.wav
891,laki-laki,jijik,15,./dataset/Actor_15/03-01-07-02-02-02-15.wav
892,laki-laki,terkejut,15,./dataset/Actor_15/03-01-08-01-01-01-15.wav
893,laki-laki,terkejut,15,./dataset/Actor_15/03-01-08-01-01-02-15.wav
894,laki-laki,terkejut,15,./dataset/Actor_15/03-01-08-01-02-01-15.wav
895,laki-laki,terkejut,15,./dataset/Actor_15/03-01-08-01-02-02-15.wav
896,laki-laki,terkejut,15,./dataset/Actor_15/03-01-08-02-01-01-15.wav
897,laki-laki,terkejut,15,./dataset/Actor_15/03-01-08-02-01-02-15.wav
898,laki-laki,terkejut,15,./dataset/Actor_15/03-01-08-02-02-01-15.wav
899,laki-laki,terkejut,15,./dataset/Actor_15/03-01-08-02-02-02-15.wav
900,perempuan,netral,16,./dataset/Actor_16/03-01-01-01-01-01-16.wav
901,perempuan,netral,16,./dataset/Actor_16/03-01-01-01-01-02-16.wav
902,perempuan,netral,16,./dataset/Actor_16/03-01-01-01-02-01-16.wav
903,perempuan,netral,16,./dataset/Actor_16/03-01-01-01-02-02-16.wav
904,perempuan,calm,16,./dataset/Actor_16/03-01-02-01-01-01-16.wav
905,perempuan,calm,16,./dataset/Actor_16/03-01-02-01-01-02-16.wav
906,perempuan,calm,16,./dataset/Actor_16/03-01-02-01-02-01-16.wav
907,perempuan,calm,16,./dataset/Actor_16/03-01-02-01-02-02-16.wav
908,perempuan,calm,16,./dataset/Actor_16/03-01-02-02-01-01-16.wav
909,perempuan,calm,16,./dataset/Actor_16/03-01-02-02-01-02-16.wav
910,perempuan,calm,16,./dataset/Actor_16/03-01-02-02-02-01-16.wav
911,perempuan,calm,16,./dataset/Actor_16/03-01-02-02-02-02-16.wav
912,perempuan,bahagia,16,./dataset/Actor_16/03-01-03-01-01-01-16.wav
913,perempuan,bahagia,16,./dataset/Actor_16/03-01-03-01-01-02-16.wav
914,perempuan,bahagia,16,./dataset/Actor_16/03-01-03-01-02-01-16.wav
915,perempuan,bahagia,16,./dataset/Actor_16/03-01-03-01-02-02-16.wav
916,perempuan,bahagia,16,./dataset/Actor_16/03-01-03-02-01-01-16.wav
917,perempuan,bahagia,16,./dataset/Actor_16/03-01-03-02-01-02-16.wav
918,perempuan,bahagia,16,./dataset/Actor_16/03-01-03-02-02-01-16.wav
919,perempuan,bahagia,16,./dataset/Actor_16/03-01-03-02-02-02-16.wav
920,perempuan,sedih,16,./dataset/Actor_16/03-01-04-01-01-01-16.wav
921,perempuan,sedih,16,./dataset/Actor_16/03-01-04-01-01-02-16.wav
922,perempuan,sedih,16,./dataset/Actor_16/03-01-04-01-02-01-16.wav
923,perempuan,sedih,16,./dataset/Actor_16/03-01-04-01-02-02-16.wav
924,perempuan,sedih,16,./dataset/Actor_16/03-01-04-02-01-01-16.wav
925,perempuan,sedih,16,./dataset/Actor_16/03-01-04-02-01-02-16.wav
926,perempuan,sedih,16,./dataset/Actor_16/03-01-04-02-02-01-16.wav
927,perempuan,sedih,16,./dataset/Actor_16/03-01-04-02-02-02-16.wav
928,perempuan,marah,16,./dataset/Actor_16/03-01-05-01-01-01-16.wav
929,perempuan,marah,16,./dataset/Actor_16/03-01-05-01-01-02-16.wav
930,perempuan,marah,16,./dataset/Actor_16/03-01-05-01-02-01-16.wav
931,perempuan,marah,16,./dataset/Actor_16/03-01-05-01-02-02-16.wav
932,perempuan,marah,16,./dataset/Actor_16/03-01-05-02-01-01-16.wav
933,perempuan,marah,16,./dataset/Actor_16/03-01-05-02-01-02-16.wav
934,perempuan,marah,16,./dataset/Actor_16/03-01-05-02-02-01-16.wav
935,perempuan,marah,16,./dataset/Actor_16/03-01-05-02-02-02-16.wav
936,perempuan,takut,16,./dataset/Actor_16/03-01-06-01-01-01-16.wav
937,perempuan,takut,16,./dataset/Actor_16/03-01-06-01-01-02-16.wav
938,perempuan,takut,16,./dataset/Actor_16/03-01-06-01-02-01-16.wav
939,perempuan,takut,16,./dataset/Actor_16/03-01-06-01-02-02-16.wav
940,perempuan,takut,16,./dataset/Actor_16/03-01-06-02-01-01-16.wav
941,perempuan,takut,16,./dataset/Actor_16/03-01-06-02-01-02-16.wav
942,perempuan,takut,16,./dataset/Actor_16/03-01-06-02-02-01-16.wav
943,perempuan,takut,16,./dataset/Actor_16/03-01-06-02-02-02-16.wav
944,perempuan,jijik,16,./dataset/Actor_16/03-01-07-01-01-01-16.wav
945,perempuan,jijik,16,./dataset/Actor_16/03-01-07-01-01-02-16.wav
946,perempuan,jijik,16,./dataset/Actor_16/03-01-07-01-02-01-16.wav
947,perempuan,jijik,16,./dataset/Actor_16/03-01-07-01-02-02-16.wav
948,perempuan,jijik,16,./dataset/Actor_16/03-01-07-02-01-01-16.wav
949,perempuan,jijik,16,./dataset/Actor_16/03-01-07-02-01-02-16.wav
950,perempuan,jijik,16,./dataset/Actor_16/03-01-07-02-02-01-16.wav
951,perempuan,jijik,16,./dataset/Actor_16/03-01-07-02-02-02-16.wav
952,perempuan,terkejut,16,./dataset/Actor_16/03-01-08-01-01-01-16.wav
953,perempuan,terkejut,16,./dataset/Actor_16/03-01-08-01-01-02-16.wav
954,perempuan,terkejut,16,./dataset/Actor_16/03-01-08-01-02-01-16.wav
955,perempuan,terkejut,16,./dataset/Actor_16/03-01-08-01-02-02-16.wav
956,perempuan,terkejut,16,./dataset/Actor_16/03-01-08-02-01-01-16.wav
957,perempuan,terkejut,16,./dataset/Actor_16/03-01-08-02-01-02-16.wav
958,perempuan,terkejut,16,./dataset/Actor_16/03-01-08-02-02-01-16.wav
959,perempuan,terkejut,16,./dataset/Actor_16/03-01-08-02-02-02-16.wav
960,laki-laki,netral,17,./dataset/Actor_17/03-01-01-01-01-01-17.wav
961,laki-laki,netral,17,./dataset/Actor_17/03-01-01-01-01-02-17.wav
962,laki-laki,netral,17,./dataset/Actor_17/03-01-01-01-02-01-17.wav
963,laki-laki,netral,17,./dataset/Actor_17/03-01-01-01-02-02-17.wav
964,laki-laki,calm,17,./dataset/Actor_17/03-01-02-01-01-01-17.wav
965,laki-laki,calm,17,./dataset/Actor_17/03-01-02-01-01-02-17.wav
966,laki-laki,calm,17,./dataset/Actor_17/03-01-02-01-02-01-17.wav
967,laki-laki,calm,17,./dataset/Actor_17/03-01-02-01-02-02-17.wav
968,laki-laki,calm,17,./dataset/Actor_17/03-01-02-02-01-01-17.wav
969,laki-laki,calm,17,./dataset/Actor_17/03-01-02-02-01-02-17.wav
970,laki-laki,calm,17,./dataset/Actor_17/03-01-02-02-02-01-17.wav
971,laki-laki,calm,17,./dataset/Actor_17/03-01-02-02-02-02-17.wav
972,laki-laki,bahagia,17,./dataset/Actor_17/03-01-03-01-01-01-17.wav
973,laki-laki,bahagia,17,./dataset/Actor_17/03-01-03-01-01-02-17.wav
974,laki-laki,bahagia,17,./dataset/Actor_17/03-01-03-01-02-01-17.wav
975,laki-laki,bahagia,17,./dataset/Actor_17/03-01-03-01-02-02-17.wav
976,laki-laki,bahagia,17,./dataset/Actor_17/03-01-03-02-01-01-17.wav
977,laki-laki,bahagia,17,./dataset/Actor_17/03-01-03-02-01-02-17.wav
978,laki-laki,bahagia,17,./dataset/Actor_17/03-01-03-02-02-01-17.wav
979,laki-laki,bahagia,17,./dataset/Actor_17/03-01-03-02-02-02-17.wav
980,laki-laki,sedih,17,./dataset/Actor_17/03-01-04-01-01-01-17.wav
981,laki-laki,sedih,17,./dataset/Actor_17/03-01-04-01-01-02-17.wav
982,laki-laki,sedih,17,./dataset/Actor_17/03-01-04-01-02-01-17.wav
983,laki-laki,sedih,17,./dataset/Actor_17/03-01-04-01-02-02-17.wav
984,laki-laki,sedih,17,./dataset/Actor_17/03-01-04-02-01-01-17.wav
985,laki-laki,sedih,17,./dataset/Actor_17/03-01-04-02-01-02-17.wav
986,laki-laki,sedih,17,./dataset/Actor_17/03-01-04-02-02-01-17.wav
987,laki-laki,sedih,17,./dataset/Actor_17/03-01-04-02-02-02-17.wav
988,laki-laki,marah,17,./dataset/Actor_17/03-01-05-01-01-01-17.wav
989,laki-laki,marah,17,./dataset/Actor_17/03-01-05-01-01-02-17.wav
990,laki-laki,marah,17,./dataset/Actor_17/03-01-05-01-02-01-17.wav
991,laki-laki,marah,17,./dataset/Actor_17/03-01-05-01-02-02-17.wav
992,laki-laki,marah,17,./dataset/Actor_17/03-01-05-02-01-01-17.wav
993,laki-laki,marah,17,./dataset/Actor_17/03-01-05-02-01-02-17.wav
994,laki-laki,marah,17,./dataset/Actor_17/03-01-05-02-02-01-17.wav
995,laki-laki,marah,17,./dataset/Actor_17/03-01-05-02-02-02-17.wav
996,laki-laki,takut,17,./dataset/Actor_17/03-01-06-01-01-01-17.wav
997,laki-laki,takut,17,./dataset/Actor_17/03-01-06-01-01-02-17.wav
998,laki-laki,takut,17,./dataset/Actor_17/03-01-06-01-02-01-17.wav
999,laki-laki,takut,17,./dataset/Actor_17/03-01-06-01-02-02-17.wav
1000,laki-laki,takut,17,./dataset/Actor_17/03-01-06-02-01-01-17.wav
1001,laki-laki,takut,17,./dataset/Actor_17/03-01-06-02-01-02-17.wav
1002,laki-laki,takut,17,./dataset/Actor_17/03-01-06-02-02-01-17.wav
1003,laki-laki,takut,17,./dataset/Actor_17/03-01-06-02-02-02-17.wav
1004,laki-laki,jijik,17,./dataset/Actor_17/03-01-07-01-01-01-17.wav
1005,laki-laki,jijik,17,./dataset/Actor_17/03-01-07-01-01-02-17.wav
1006,laki-laki,jijik,17,./dataset/Actor_17/03-01-07-01-02-01-17.wav
1007,laki-laki,jijik,17,./dataset/Actor_17/03-01-07-01-02-02-17.wav
1008,laki-laki,jijik,17,./dataset/Actor_17/03-01-07-02-01-01-17.wav
1009,laki-laki,jijik,17,./dataset/Actor_17/03-01-07-02-01-02-17.wav
1010,laki-laki,jijik,17,./dataset/Actor_17/03-01-07-02-02-01-17.wav
1011,laki-laki,jijik,17,./dataset/Actor_17/03-01-07-02-02-02-17.wav
1012,laki-laki,terkejut,17,./dataset/Actor_17/03-01-08-01-01-01-17.wav
1013,laki-laki,terkejut,17,./dataset/Actor_17/03-01-08-01-01-02-17.wav
1014,laki-laki,terkejut,17,./dataset/Actor_17/03-01-08-01-02-01-17.wav
1015,laki-laki,terkejut,17,./dataset/Actor_17/03-01-08-01-02-02-17.wav
1016,laki-laki,terkejut,17,./dataset/Actor_17/03-01-08-02-01-01-17.wav
1017,laki-laki,terkejut,17,./dataset/Actor_17/03-01-08-02-01-02-17.wav
1018,laki-laki,terkejut,17,./dataset/Actor_17/03-01-08-02-02-01-17.wav
1019,laki-laki,terkejut,17,./dataset/Actor_17/03-01-08-02-02-02-17.wav
1020,perempuan,netral,18,./dataset/Actor_18/03-01-01-01-01-01-18.wav
1021,perempuan,netral,18,./dataset/Actor_18/03-01-01-01-01-02-18.wav
1022,perempuan,netral,18,./dataset/Actor_18/03-01-01-01-02-01-18.wav
1023,perempuan,netral,18,./dataset/Actor_18/03-01-01-01-02-02-18.wav
1024,perempuan,calm,18,./dataset/Actor_18/03-01-02-01-01-01-18.wav
1025,perempuan,calm,18,./dataset/Actor_18/03-01-02-01-01-02-18.wav
1026,perempuan,calm,18,./dataset/Actor_18/03-01-02-01-02-01-18.wav
1027,perempuan,calm,18,./dataset/Actor_18/03-01-02-01-02-02-18.wav
1028,perempuan,calm,18,./dataset/Actor_18/03-01-02-02-01-01-18.wav
1029,perempuan,calm,18,./dataset/Actor_18/03-01-02-02-01-02-18.wav
1030,perempuan,calm,18,./dataset/Actor_18/03-01-02-02-02-01-18.wav
1031,perempuan,calm,18,./dataset/Actor_18/03-01-02-02-02-02-18.wav
1032,perempuan,bahagia,18,./dataset/Actor_18/03-01-03-01-01-01-18.wav
1033,perempuan,bahagia,18,./dataset/Actor_18/03-01-03-01-01-02-18.wav
1034,perempuan,bahagia,18,./dataset/Actor_18/03-01-03-01-02-01-18.wav
1035,perempuan,bahagia,18,./dataset/Actor_18/03-01-03-01-02-02-18.wav
1036,perempuan,bahagia,18,./dataset/Actor_18/03-01-03-02-01-01-18.wav
1037,perempuan,bahagia,18,./dataset/Actor_18/03-01-03-02-01-02-18.wav
1038,perempuan,bahagia,18,./dataset/Actor_18/03-01-03-02-02-01-18.wav
1039,perempuan,bahagia,18,./dataset/Actor_18/03-01-03-02-02-02-18.wav
1040,perempuan,sedih,18,./dataset/Actor_18/03-01-04-01-01-01-18.wav
1041,perempuan,sedih,18,./dataset/Actor_18/03-01-04-01-01-02-18.wav
1042,perempuan,sedih,18,./dataset/Actor_18/03-01-04-01-02-01-18.wav
1043,perempuan,sedih,18,./dataset/Actor_18/03-01-04-01-02-02-18.wav
1044,perempuan,sedih,18,./dataset/Actor_18/03-01-04-02-01-01-18.wav
1045,perempuan,sedih,18,./dataset/Actor_18/03-01-04-02-01-02-18.wav
1046,perempuan,sedih,18,./dataset/Actor_18/03-01-04-02-02-01-18.wav
1047,perempuan,sedih,18,./dataset/Actor_18/03-01-04-02-02-02-18.wav
1048,perempuan,marah,18,./dataset/Actor_18/03-01-05-01-01-01-18.wav
1049,perempuan,marah,18,./dataset/Actor_18/03-01-05-01-01-02-18.wav
1050,perempuan,marah,18,./dataset/Actor_18/03-01-05-01-02-01-18.wav
1051,perempuan,marah,18,./dataset/Actor_18/03-01-05-01-02-02-18.wav
1052,perempuan,marah,18,./dataset/Actor_18/03-01-05-02-01-01-18.wav
1053,perempuan,marah,18,./dataset/Actor_18/03-01-05-02-01-02-18.wav
1054,perempuan,marah,18,./dataset/Actor_18/03-01-05-02-02-01-18.wav
1055,perempuan,marah,18,./dataset/Actor_18/03-01-05-02-02-02-18.wav
1056,perempuan,takut,18,./dataset/Actor_18/03-01-06-01-01-01-18.wav
1057,perempuan,takut,18,./dataset/Actor_18/03-01-06-01-01-02-18.wav
1058,perempuan,takut,18,./dataset/Actor_18/03-01-06-01-02-01-18.wav
1059,perempuan,takut,18,./dataset/Actor_18/03-01-06-01-02-02-18.wav
1060,perempuan,takut,18,./dataset/Actor_18/03-01-06-02-01-01-18.wav
1061,perempuan,takut,18,./dataset/Actor_18/03-01-06-02-01-02-18.wav
1062,perempuan,takut,18,./dataset/Actor_18/03-01-06-02-02-01-18.wav
1063,perempuan,takut,18,./dataset/Actor_18/03-01-06-02-02-02-18.wav
1064,perempuan,jijik,18,./dataset/Actor_18/03-01-07-01-01-01-18.wav
1065,perempuan,jijik,18,./dataset/Actor_18/03-01-07-01-01-02-18.wav
1066,perempuan,jijik,18,./dataset/Actor_18/03-01-07-01-02-01-18.wav
1067,perempuan,jijik,18,./dataset/Actor_18/03-01-07-01-02-02-18.wav
1068,perempuan,jijik,18,./dataset/Actor_18/03-01-07-02-01-01-18.wav
1069,perempuan,jijik,18,./dataset/Actor_18/03-01-07-02-01-02-18.wav
1070,perempuan,jijik,18,./dataset/Actor_18/03-01-07-02-02-01-18.wav
1071,perempuan,jijik,18,./dataset/Actor_18/03-01-07-02-02-02-18.wav
1072,perempuan,terkejut,18,./dataset/Actor_18/03-01-08-01-01-01-18.wav
1073,perempuan,terkejut,18,./dataset/Actor_18/03-01-08-01-01-02-18.wav
1074,perempuan,terkejut,18,./dataset/Actor_18/03-01-08-01-02-01-18.wav
1075,perempuan,terkejut,18,./dataset/Actor_18/03-01-08-01-02-02-18.wav
1076,perempuan,terkejut,18,./dataset/Actor_18/03-01-08-02-01-01-18.wav
1077,perempuan,terkejut,18,./dataset/Actor_18/03-01-08-02-01-02-18.wav
1078,perempuan,terkejut,18,./dataset/Actor_18/03-01-08-02-02-01-18.wav
1079,perempuan,terkejut,18,./dataset/Actor_18/03-01-08-02-02-02-18.wav
1080,laki-laki,netral,19,./dataset/Actor_19/03-01-01-01-01-01-19.wav
1081,laki-laki,netral,19,./dataset/Actor_19/03-01-01-01-01-02-19.wav
1082,laki-laki,netral,19,./dataset/Actor_19/03-01-01-01-02-01-19.wav
1083,laki-laki,netral,19,./dataset/Actor_19/03-01-01-01-02-02-19.wav
1084,laki-laki,calm,19,./dataset/Actor_19/03-01-02-01-01-01-19.wav
1085,laki-laki,calm,19,./dataset/Actor_19/03-01-02-01-01-02-19.wav
1086,laki-laki,calm,19,./dataset/Actor_19/03-01-02-01-02-01-19.wav
1087,laki-laki,calm,19,./dataset/Actor_19/03-01-02-01-02-02-19.wav
1088,laki-laki,calm,19,./dataset/Actor_19/03-01-02-02-01-01-19.wav
1089,laki-laki,calm,19,./dataset/Actor_19/03-01-02-02-01-02-19.wav
1090,laki-laki,calm,19,./dataset/Actor_19/03-01-02-02-02-01-19.wav
1091,laki-laki,calm,19,./dataset/Actor_19/03-01-02-02-02-02-19.wav
1092,laki-laki,bahagia,19,./dataset/Actor_19/03-01-03-01-01-01-19.wav
1093,laki-laki,bahagia,19,./dataset/Actor_19/03-01-03-01-01-02-19.wav
1094,laki-laki,bahagia,19,./dataset/Actor_19/03-01-03-01-02-01-19.wav
1095,laki-laki,bahagia,19,./dataset/Actor_19/03-01-03-01-02-02-19.wav
1096,laki-laki,bahagia,19,./dataset/Actor_19/03-01-03-02-01-01-19.wav
1097,laki-laki,bahagia,19,./dataset/Actor_19/03-01-03-02-01-02-19.wav
1098,laki-laki,bahagia,19,./dataset/Actor_19/03-01-03-02-02-01-19.wav
1099,laki-laki,bahagia,19,./dataset/Actor_19/03-01-03-02-02-02-19.wav
1100,laki-laki,sedih,19,./dataset/Actor_19/03-01-04-01-01-01-19.wav
1101,laki-laki,sedih,19,./dataset/Actor_19/03-01-04-01-01-02-19.wav
1102,laki-laki,sedih,19,./dataset/Actor_19/03-01-04-01-02-01-19.wav
1103,laki-laki,sedih,19,./dataset/Actor_19/03-01-04-01-02-02-19.wav
1104,laki-laki,sedih,19,./dataset/Actor_19/03-01-04-02-01-01-19.wav
1105,laki-laki,sedih,19,./dataset/Actor_19/03-01-04-02-01-02-19.wav
1106,laki-laki,sedih,19,./dataset/Actor_19/03-01-04-02-02-01-19.wav
1107,laki-laki,sedih,19,./dataset/Actor_19/03-01-04-02-02-02-19.wav
1108,laki-laki,marah,19,./dataset/Actor_19/03-01-05-01-01-01-19.wav
1109,laki-laki,marah,19,./dataset/Actor_19/03-01-05-01-01-02-19.wav
1110,laki-laki,marah,19,./dataset/Actor_19/03-01-05-01-02-01-19.wav
1111,laki-laki,marah,19,./dataset/Actor_19/03-01-05-01-02-02-19.wav
1112,laki-laki,marah,19,./dataset/Actor_19/03-01-05-02-01-01-19.wav
1113,laki-laki,marah,19,./dataset/Actor_19/03-01-05-02-01-02-19.wav
1114,laki-laki,marah,19,./dataset/Actor_19/03-01-05-02-02-01-19.wav
1115,laki-laki,marah,19,./dataset/Actor_19/03-01-05-02-02-02-19.wav
1116,laki-laki,takut,19,./dataset/Actor_19/03-01-06-01-01-01-19.wav
1117,laki-laki,takut,19,./dataset/Actor_19/03-01-06-01-01-02-19.wav
1118,laki-laki,takut,19,./dataset/Actor_19/03-01-06-01-02-01-19.wav
1119,laki-laki,takut,19,./dataset/Actor_19/03-01-06-01-02-02-19.wav
1120,laki-laki,takut,19,./dataset/Actor_19/03-01-06-02-01-01-19.wav
1121,laki-laki,takut,19,./dataset/Actor_19/03-01-06-02-01-02-19.wav
1122,laki-laki,takut,19,./dataset/Actor_19/03-01-06-02-02-01-19.wav
1123,laki-laki,takut,19,./dataset/Actor_19/03-01-06-02-02-02-19.wav
1124,laki-laki,jijik,19,./dataset/Actor_19/03-01-07-01-01-01-19.wav
1125,laki-laki,jijik,19,./dataset/Actor_19/03-01-07-01-01-02-19.wav
1126,laki-laki,jijik,19,./dataset/Actor_19/03-01-07-01-02-01-19.wav
1127,laki-laki,jijik,19,./dataset/Actor_19/03-01-07-01-02-02-19.wav
1128,laki-laki,jijik,19,./dataset/Actor_19/03-01-07-02-01-01-19.wav
1129,laki-laki,jijik,19,./dataset/Actor_19/03-01-07-02-01-02-19.wav
1130,laki-laki,jijik,19,./dataset/Actor_19/03-01-07-02-02-01-19.wav
1131,laki-laki,jijik,19,./dataset/Actor_19/03-01-07-02-02-02-19.wav
1132,laki-laki,terkejut,19,./dataset/Actor_19/03-01-08-01-01-01-19.wav
1133,laki-laki,terkejut,19,./dataset/Actor_19/03-01-08-01-01-02-19.wav
1134,laki-laki,terkejut,19,./dataset/Actor_19/03-01-08-01-02-01-19.wav
1135,laki-laki,terkejut,19,./dataset/Actor_19/03-01-08-01-02-02-19.wav
1136,laki-laki,terkejut,19,./dataset/Actor_19/03-01-08-02-01-01-19.wav
1137,laki-laki,terkejut,19,./dataset/Actor_19/03-01-08-02-01-02-19.wav
1138,laki-laki,terkejut,19,./dataset/Actor_19/03-01-08-02-02-01-19.wav
1139,laki-laki,terkejut,19,./dataset/Actor_19/03-01-08-02-02-02-19.wav
1140,perempuan,netral,20,./dataset/Actor_20/03-01-01-01-01-01-20.wav
1141,perempuan,netral,20,./dataset/Actor_20/03-01-01-01-01-02-20.wav
1142,perempuan,netral,20,./dataset/Actor_20/03-01-01-01-02-01-20.wav
1143,perempuan,netral,20,./dataset/Actor_20/03-01-01-01-02-02-20.wav
1144,perempuan,calm,20,./dataset/Actor_20/03-01-02-01-01-01-20.wav
1145,perempuan,calm,20,./dataset/Actor_20/03-01-02-01-01-02-20.wav
1146,perempuan,calm,20,./dataset/Actor_20/03-01-02-01-02-01-20.wav
1147,perempuan,calm,20,./dataset/Actor_20/03-01-02-01-02-02-20.wav
1148,perempuan,calm,20,./dataset/Actor_20/03-01-02-02-01-01-20.wav
1149,perempuan,calm,20,./dataset/Actor_20/03-01-02-02-01-02-20.wav
1150,perempuan,calm,20,./dataset/Actor_20/03-01-02-02-02-01-20.wav
1151,perempuan,calm,20,./dataset/Actor_20/03-01-02-02-02-02-20.wav
1152,perempuan,bahagia,20,./dataset/Actor_20/03-01-03-01-01-01-20.wav
1153,perempuan,bahagia,20,./dataset/Actor_20/03-01-03-01-01-02-20.wav
1154,perempuan,bahagia,20,./dataset/Actor_20/03-01-03-01-02-01-20.wav
1155,perempuan,bahagia,20,./dataset/Actor_20/03-01-03-01-02-02-20.wav
1156,perempuan,bahagia,20,./dataset/Actor_20/03-01-03-02-01-01-20.wav
1157,perempuan,bahagia,20,./dataset/Actor_20/03-01-03-02-01-02-20.wav
1158,perempuan,bahagia,20,./dataset/Actor_20/03-01-03-02-02-01-20.wav
1159,perempuan,bahagia,20,./dataset/Actor_20/03-01-03-02-02-02-20.wav
1160,perempuan,sedih,20,./dataset/Actor_20/03-01-04-01-01-01-20.wav
1161,perempuan,sedih,20,./dataset/Actor_20/03-01-04-01-01-02-20.wav
1162,perempuan,sedih,20,./dataset/Actor_20/03-01-04-01-02-01-20.wav
1163,perempuan,sedih,20,./dataset/Actor_20/03-01-04-01-02-02-20.wav
1164,perempuan,sedih,20,./dataset/Actor_20/03-01-04-02-01-01-20.wav
1165,perempuan,sedih,20,./dataset/Actor_20/03-01-04-02-01-02-20.wav
1166,perempuan,sedih,20,./dataset/Actor_20/03-01-04-02-02-01-20.wav
1167,perempuan,sedih,20,./dataset/Actor_20/03-01-04-02-02-02-20.wav
1168,perempuan,marah,20,./dataset/Actor_20/03-01-05-01-01-01-20.wav
1169,perempuan,marah,20,./dataset/Actor_20/03-01-05-01-01-02-20.wav
1170,perempuan,marah,20,./dataset/Actor_20/03-01-05-01-02-01-20.wav
1171,perempuan,marah,20,./dataset/Actor_20/03-01-05-01-02-02-20.wav
1172,perempuan,marah,20,./dataset/Actor_20/03-01-05-02-01-01-20.wav
1173,perempuan,marah,20,./dataset/Actor_20/03-01-05-02-01-02-20.wav
1174,perempuan,marah,20,./dataset/Actor_20/03-01-05-02-02-01-20.wav
1175,perempuan,marah,20,./dataset/Actor_20/03-01-05-02-02-02-20.wav
1176,perempuan,takut,20,./dataset/Actor_20/03-01-06-01-01-01-20.wav
1177,perempuan,takut,20,./dataset/Actor_20/03-01-06-01-01-02-20.wav
1178,perempuan,takut,20,./dataset/Actor_20/03-01-06-01-02-01-20.wav
1179,perempuan,takut,20,./dataset/Actor_20/03-01-06-01-02-02-20.wav
1180,perempuan,takut,20,./dataset/Actor_20/03-01-06-02-01-01-20.wav
1181,perempuan,takut,20,./dataset/Actor_20/03-01-06-02-01-02-20.wav
1182,perempuan,takut,20,./dataset/Actor_20/03-01-06-02-02-01-20.wav
1183,perempuan,takut,20,./dataset/Actor_20/03-01-06-02-02-02-20.wav
1184,perempuan,jijik,20,./dataset/Actor_20/03-01-07-01-01-01-20.wav
1185,perempuan,jijik,20,./dataset/Actor_20/03-01-07-01-01-02-20.wav
1186,perempuan,jijik,20,./dataset/Actor_20/03-01-07-01-02-01-20.wav
1187,perempuan,jijik,20,./dataset/Actor_20/03-01-07-01-02-02-20.wav
1188,perempuan,jijik,20,./dataset/Actor_20/03-01-07-02-01-01-20.wav
1189,perempuan,jijik,20,./dataset/Actor_20/03-01-07-02-01-02-20.wav
1190,perempuan,jijik,20,./dataset/Actor_20/03-01-07-02-02-01-20.wav
1191,perempuan,jijik,20,./dataset/Actor_20/03-01-07-02-02-02-20.wav
1192,perempuan,terkejut,20,./dataset/Actor_20/03-01-08-01-01-01-20.wav
1193,perempuan,terkejut,20,./dataset/Actor_20/03-01-08-01-01-02-20.wav
1194,perempuan,terkejut,20,./dataset/Actor_20/03-01-08-01-02-01-20.wav
1195,perempuan,terkejut,20,./dataset/Actor_20/03-01-08-01-02-02-20.wav
1196,perempuan,terkejut,20,./dataset/Actor_20/03-01-08-02-01-01-20.wav
1197,perempuan,terkejut,20,./dataset/Actor_20/03-01-08-02-01-02-20.wav
1198,perempuan,terkejut,20,./dataset/Actor_20/03-01-08-02-02-01-20.wav
1199,perempuan,terkejut,20,./dataset/Actor_20/03-01-08-02-02-02-20.wav
1200,laki-laki,netral,21,./dataset/Actor_21/03-01-01-01-01-01-21.wav
1201,laki-laki,netral,21,./dataset/Actor_21/03-01-01-01-01-02-21.wav
1202,laki-laki,netral,21,./dataset/Actor_21/03-01-01-01-02-01-21.wav
1203,laki-laki,netral,21,./dataset/Actor_21/03-01-01-01-02-02-21.wav
1204,laki-laki,calm,21,./dataset/Actor_21/03-01-02-01-01-01-21.wav
1205,laki-laki,calm,21,./dataset/Actor_21/03-01-02-01-01-02-21.wav
1206,laki-laki,calm,21,./dataset/Actor_21/03-01-02-01-02-01-21.wav
1207,laki-laki,calm,21,./dataset/Actor_21/03-01-02-01-02-02-21.wav
1208,laki-laki,calm,21,./dataset/Actor_21/03-01-02-02-01-01-21.wav
1209,laki-laki,calm,21,./dataset/Actor_21/03-01-02-02-01-02-21.wav
1210,laki-laki,calm,21,./dataset/Actor_21/03-01-02-02-02-01-21.wav
1211,laki-laki,calm,21,./dataset/Actor_21/03-01-02-02-02-02-21.wav
1212,laki-laki,bahagia,21,./dataset/Actor_21/03-01-03-01-01-01-21.wav
1213,laki-laki,bahagia,21,./dataset/Actor_21/03-01-03-01-01-02-21.wav
1214,laki-laki,bahagia,21,./dataset/Actor_21/03-01-03-01-02-01-21.wav
1215,laki-laki,bahagia,21,./dataset/Actor_21/03-01-03-01-02-02-21.wav
1216,laki-laki,bahagia,21,./dataset/Actor_21/03-01-03-02-01-01-21.wav
1217,laki-laki,bahagia,21,./dataset/Actor_21/03-01-03-02-01-02-21.wav
1218,laki-laki,bahagia,21,./dataset/Actor_21/03-01-03-02-02-01-21.wav
1219,laki-laki,bahagia,21,./dataset/Actor_21/03-01-03-02-02-02-21.wav
1220,laki-laki,sedih,21,./dataset/Actor_21/03-01-04-01-01-01-21.wav
1221,laki-laki,sedih,21,./dataset/Actor_21/03-01-04-01-01-02-21.wav
1222,laki-laki,sedih,21,./dataset/Actor_21/03-01-04-01-02-01-21.wav
1223,laki-laki,sedih,21,./dataset/Actor_21/03-01-04-01-02-02-21.wav
1224,laki-laki,sedih,21,./dataset/Actor_21/03-01-04-02-01-01-21.wav
1225,laki-laki,sedih,21,./dataset/Actor_21/03-01-04-02-01-02-21.wav
1226,laki-laki,sedih,21,./dataset/Actor_21/03-01-04-02-02-01-21.wav
1227,laki-laki,sedih,21,./dataset/Actor_21/03-01-04-02-02-02-21.wav
1228,laki-laki,marah,21,./dataset/Actor_21/03-01-05-01-01-01-21.wav
1229,laki-laki,marah,21,./dataset/Actor_21/03-01-05-01-01-02-21.wav
1230,laki-laki,marah,21,./dataset/Actor_21/03-01-05-01-02-01-21.wav
1231,laki-laki,marah,21,./dataset/Actor_21/03-01-05-01-02-02-21.wav
1232,laki-laki,marah,21,./dataset/Actor_21/03-01-05-02-01-01-21.wav
1233,laki-laki,marah,21,./dataset/Actor_21/03-01-05-02-01-02-21.wav
1234,laki-laki,marah,21,./dataset/Actor_21/03-01-05-02-02-01-21.wav
1235,laki-laki,marah,21,./dataset/Actor_21/03-01-05-02-02-02-21.wav
1236,laki-laki,takut,21,./dataset/Actor_21/03-01-06-01-01-01-21.wav
1237,laki-laki,takut,21,./dataset/Actor_21/03-01-06-01-01-02-21.wav
1238,laki-laki,takut,21,./dataset/Actor_21/03-01-06-01-02-01-21.wav
1239,laki-laki,takut,21,./dataset/Actor_21/03-01-06-01-02-02-21.wav
1240,laki-laki,takut,21,./dataset/Actor_21/03-01-06-02-01-01-21.wav
1241,laki-laki,takut,21,./dataset/Actor_21/03-01-06-02-01-02-21.wav
1242,laki-laki,takut,21,./dataset/Actor_21/03-01-06-02-02-01-21.wav
1243,laki-laki,takut,21,./dataset/Actor_21/03-01-06-02-02-02-21.wav
1244,laki-laki,jijik,21,./dataset/Actor_21/03-01-07-01-01-01-21.wav
1245,laki-laki,jijik,21,./dataset/Actor_21/03-01-07-01-01-02-21.wav
1246,laki-laki,jijik,21,./dataset/Actor_21/03-01-07-01-02-01-21.wav
1247,laki-laki,jijik,21,./dataset/Actor_21/03-01-07-01-02-02-21.wav
1248,laki-laki,jijik,21,./dataset/Actor_21/03-01-07-02-01-01-21.wav
1249,laki-laki,jijik,21,./dataset/Actor_21/03-01-07-02-01-02-21.wav
1250,laki-laki,jijik,21,./dataset/Actor_21/03-01-07-02-02-01-21.wav
1251,laki-laki,jijik,21,./dataset/Actor_21/03-01-07-02-02-02-21.wav
1252,laki-laki,terkejut,21,./dataset/Actor_21/03-01-08-01-01-01-21.wav
1253,laki-laki,terkejut,21,./dataset/Actor_21/03-01-08-01-01-02-21.wav
1254,laki-laki,terkejut,21,./dataset/Actor_21/03-01-08-01-02-01-21.wav
1255,laki-laki,terkejut,21,./dataset/Actor_21/03-01-08-01-02-02-21.wav
1256,laki-laki,terkejut,21,./dataset/Actor_21/03-01-08-02-01-01-21.wav
1257,laki-laki,terkejut,21,./dataset/Actor_21/03-01-08-02-01-02-21.wav
1258,laki-laki,terkejut,21,./dataset/Actor_21/03-01-08-02-02-01-21.wav
1259,laki-laki,terkejut,21,./dataset/Actor_21/03-01-08-02-02-02-21.wav
1260,perempuan,netral,22,./dataset/Actor_22/03-01-01-01-01-01-22.wav
1261,perempuan,netral,22,./dataset/Actor_22/03-01-01-01-01-02-22.wav
1262,perempuan,netral,22,./dataset/Actor_22/03-01-01-01-02-01-22.wav
1263,perempuan,netral,22,./dataset/Actor_22/03-01-01-01-02-02-22.wav
1264,perempuan,calm,22,./dataset/Actor_22/03-01-02-01-01-01-22.wav
1265,perempuan,calm,22,./dataset/Actor_22/03-01-02-01-01-02-22.wav
1266,perempuan,calm,22,./dataset/Actor_22/03-01-02-01-02-01-22.wav
1267,perempuan,calm,22,./dataset/Actor_22/03-01-02-01-02-02-22.wav
1268,perempuan,calm,22,./dataset/Actor_22/03-01-02-02-01-01-22.wav
1269,perempuan,calm,22,./dataset/Actor_22/03-01-02-02-01-02-22.wav
1270,perempuan,calm,22,./dataset/Actor_22/03-01-02-02-02-01-22.wav
1271,perempuan,calm,22,./dataset/Actor_22/03-01-02-02-02-02-22.wav
1272,perempuan,bahagia,22,./dataset/Actor_22/03-01-03-01-01-01-22.wav
1273,perempuan,bahagia,22,./dataset/Actor_22/03-01-03-01-01-02-22.wav
1274,perempuan,bahagia,22,./dataset/Actor_22/03-01-03-01-02-01-22.wav
1275,perempuan,bahagia,22,./dataset/Actor_22/03-01-03-01-02-02-22.wav
1276,perempuan,bahagia,22,./dataset/Actor_22/03-01-03-02-01-01-22.wav
1277,perempuan,bahagia,22,./dataset/Actor_22/03-01-03-02-01-02-22.wav
1278,perempuan,bahagia,22,./dataset/Actor_22/03-01-03-02-02-01-22.wav
1279,perempuan,bahagia,22,./dataset/Actor_22/03-01-03-02-02-02-22.wav
1280,perempuan,sedih,22,./dataset/Actor_22/03-01-04-01-01-01-22.wav
1281,perempuan,sedih,22,./dataset/Actor_22/03-01-04-01-01-02-22.wav
1282,perempuan,sedih,22,./dataset/Actor_22/03-01-04-01-02-01-22.wav
1283,perempuan,sedih,22,./dataset/Actor_22/03-01-04-01-02-02-22.wav
1284,perempuan,sedih,22,./dataset/Actor_22/03-01-04-02-01-01-22.wav
1285,perempuan,sedih,22,./dataset/Actor_22/03-01-04-02-01-02-22.wav
1286,perempuan,sedih,22,./dataset/Actor_22/03-01-04-02-02-01-22.wav
1287,perempuan,sedih,22,./dataset/Actor_22/03-01-04-02-02-02-22.wav
1288,perempuan,marah,22,./dataset/Actor_22/03-01-05-01-01-01-22.wav
1289,perempuan,marah,22,./dataset/Actor_22/03-01-05-01-01-02-22.wav
1290,perempuan,marah,22,./dataset/Actor_22/03-01-05-01-02-01-22.wav
1291,perempuan,marah,22,./dataset/Actor_22/03-01-05-01-02-02-22.wav
1292,perempuan,marah,22,./dataset/Actor_22/03-01-05-02-01-01-22.wav
1293,perempuan,marah,22,./dataset/Actor_22/03-01-05-02-01-02-22.wav
1294,perempuan,marah,22,./dataset/Actor_22/03-01-05-02-02-01-22.wav
1295,perempuan,marah,22,./dataset/Actor_22/03-01-05-02-02-02-22.wav
1296,perempuan,takut,22,./dataset/Actor_22/03-01-06-01-01-01-22.wav
1297,perempuan,takut,22,./dataset/Actor_22/03-01-06-01-01-02-22.wav
1298,perempuan,takut,22,./dataset/Actor_22/03-01-06-01-02-01-22.wav
1299,perempuan,takut,22,./dataset/Actor_22/03-01-06-01-02-02-22.wav
1300,perempuan,takut,22,./dataset/Actor_22/03-01-06-02-01-01-22.wav
1301,perempuan,takut,22,./dataset/Actor_22/03-01-06-02-01-02-22.wav
1302,perempuan,takut,22,./dataset/Actor_22/03-01-06-02-02-01-22.wav
1303,perempuan,takut,22,./dataset/Actor_22/03-01-06-02-02-02-22.wav
1304,perempuan,jijik,22,./dataset/Actor_22/03-01-07-01-01-01-22.wav
1305,perempuan,jijik,22,./dataset/Actor_22/03-01-07-01-01-02-22.wav
1306,perempuan,jijik,22,./dataset/Actor_22/03-01-07-01-02-01-22.wav
1307,perempuan,jijik,22,./dataset/Actor_22/03-01-07-01-02-02-22.wav
1308,perempuan,jijik,22,./dataset/Actor_22/03-01-07-02-01-01-22.wav
1309,perempuan,jijik,22,./dataset/Actor_22/03-01-07-02-01-02-22.wav
1310,perempuan,jijik,22,./dataset/Actor_22/03-01-07-02-02-01-22.wav
1311,perempuan,jijik,22,./dataset/Actor_22/03-01-07-02-02-02-22.wav
1312,perempuan,terkejut,22,./dataset/Actor_22/03-01-08-01-01-01-22.wav
1313,perempuan,terkejut,22,./dataset/Actor_22/03-01-08-01-01-02-22.wav
1314,perempuan,terkejut,22,./dataset/Actor_22/03-01-08-01-02-01-22.wav
1315,perempuan,terkejut,22,./dataset/Actor_22/03-01-08-01-02-02-22.wav
1316,perempuan,terkejut,22,./dataset/Actor_22/03-01-08-02-01-01-22.wav
1317,perempuan,terkejut,22,./dataset/Actor_22/03-01-08-02-01-02-22.wav
1318,perempuan,terkejut,22,./dataset/Actor_22/03-01-08-02-02-01-22.wav
1319,perempuan,terkejut,22,./dataset/Actor_22/03-01-08-02-02-02-22.wav
1320,laki-laki,netral,23,./dataset/Actor_23/03-01-01-01-01-01-23.wav
1321,laki-laki,netral,23,./dataset/Actor_23/03-01-01-01-01-02-23.wav
1322,laki-laki,netral,23,./dataset/Actor_23/03-01-01-01-02-01-23.wav
1323,laki-laki,netral,23,./dataset/Actor_23/03-01-01-01-02-02-23.wav
1324,laki-laki,calm,23,./dataset/Actor_23/03-01-02-01-01-01-23.wav
1325,laki-laki,calm,23,./dataset/Actor_23/03-01-02-01-01-02-23.wav
1326,laki-laki,calm,23,./dataset/Actor_23/03-01-02-01-02-01-23.wav
1327,laki-laki,calm,23,./dataset/Actor_23/03-01-02-01-02-02-23.wav
1328,laki-laki,calm,23,./dataset/Actor_23/03-01-02-02-01-01-23.wav
1329,laki-laki,calm,23,./dataset/Actor_23/03-01-02-02-01-02-23.wav
1330,laki-laki,calm,23,./dataset/Actor_23/03-01-02-02-02-01-23.wav
1331,laki-laki,calm,23,./dataset/Actor_23/03-01-02-02-02-02-23.wav
1332,laki-laki,bahagia,23,./dataset/Actor_23/03-01-03-01-01-01-23.wav
1333,laki-laki,bahagia,23,./dataset/Actor_23/03-01-03-01-01-02-23.wav
1334,laki-laki,bahagia,23,./dataset/Actor_23/03-01-03-01-02-01-23.wav
1335,laki-laki,bahagia,23,./dataset/Actor_23/03-01-03-01-02-02-23.wav
1336,laki-laki,bahagia,23,./dataset/Actor_23/03-01-03-02-01-01-23.wav
1337,laki-laki,bahagia,23,./dataset/Actor_23/03-01-03-02-01-02-23.wav
1338,laki-laki,bahagia,23,./dataset/Actor_23/03-01-03-02-02-01-23.wav
1339,laki-laki,bahagia,23,./dataset/Actor_23/03-01-03-02-02-02-23.wav
1340,laki-laki,sedih,23,./dataset/Actor_23/03-01-04-01-01-01-23.wav
1341,laki-laki,sedih,23,./dataset/Actor_23/03-01-04-01-01-02-23.wav
1342,laki-laki,sedih,23,./dataset/Actor_23/03-01-04-01-02-01-23.wav
1343,laki-laki,sedih,23,./dataset/Actor_23/03-01-04-01-02-02-23.wav
1344,laki-laki,sedih,23,./dataset/Actor_23/03-01-04-02-01-01-23.wav
1345,laki-laki,sedih,23,./dataset/Actor_23/03-01-04-02-01-02-23.wav
1346,laki-laki,sedih,23,./dataset/Actor_23/03-01-04-02-02-01-23.wav
1347,laki-laki,sedih,23,./dataset/Actor_23/03-01-04-02-02-02-23.wav
1348,laki-laki,marah,23,./dataset/Actor_23/03-01-05-01-01-01-23.wav
1349,laki-laki,marah,23,./dataset/Actor_23/03-01-05-01-01-02-23.wav
1350,laki-laki,marah,23,./dataset/Actor_23/03-01-05-01-02-01-23.wav
1351,laki-laki,marah,23,./dataset/Actor_23/03-01-05-01-02-02-23.wav
1352,laki-laki,marah,23,./dataset/Actor_23/03-01-05-02-01-01-23.wav
1353,laki-laki,marah,23,./dataset/Actor_23/03-01-05-02-01-02-23.wav
1354,laki-laki,marah,23,./dataset/Actor_23/03-01-05-02-02-01-23.wav
1355,laki-laki,marah,23,./dataset/Actor_23/03-01-05-02-02-02-23.wav
1356,laki-laki,takut,23,./dataset/Actor_23/03-01-06-01-01-01-23.wav
1357,laki-laki,takut,23,./dataset/Actor_23/03-01-06-01-01-02-23.wav
1358,laki-laki,takut,23,./dataset/Actor_23/03-01-06-01-02-01-23.wav
1359,laki-laki,takut,23,./dataset/Actor_23/03-01-06-01-02-02-23.wav
1360,laki-laki,takut,23,./dataset/Actor_23/03-01-06-02-01-01-23.wav
1361,laki-laki,takut,23,./dataset/Actor_23/03-01-06-02-01-02-23.wav
1362,laki-laki,takut,23,./dataset/Actor_23/03-01-06-02-02-01-23.wav
1363,laki-laki,takut,23,./dataset/Actor_23/03-01-06-02-02-02-23.wav
1364,laki-laki,jijik,23,./dataset/Actor_23/03-01-07-01-01-01-23.wav
1365,laki-laki,jijik,23,./dataset/Actor_23/03-01-07-01-01-02-23.wav
1366,laki-laki,jijik,23,./dataset/Actor_23/03-01-07-01-02-01-23.wav
1367,laki-laki,jijik,23,./dataset/Actor_23/03-01-07-01-02-02-23.wav
1368,laki-laki,jijik,23,./dataset/Actor_23/03-01-07-02-01-01-23.wav
1369,laki-laki,jijik,23,./dataset/Actor_23/03-01-07-02-01-02-23.wav
1370,laki-laki,jijik,23,./dataset/Actor_23/03-01-07-02-02-01-23.wav
1371,laki-laki,jijik,23,./dataset/Actor_23/03-01-07-02-02-02-23.wav
1372,laki-laki,terkejut,23,./dataset/Actor_23/03-01-08-01-01-01-23.wav
1373,laki-laki,terkejut,23,./dataset/Actor_23/03-01-08-01-01-02-23.wav
1374,laki-laki,terkejut,23,./dataset/Actor_23/03-01-08-01-02-01-23.wav
1375,laki-laki,terkejut,23,./dataset/Actor_23/03-01-08-01-02-02-23.wav
1376,laki-laki,terkejut,23,./dataset/Actor_23/03-01-08-02-01-01-23.wav
1377,laki-laki,terkejut,23,./dataset/Actor_23/03-01-08-02-01-02-23.wav
1378,laki-laki,terkejut,23,./dataset/Actor_23/03-01-08-02-02-01-23.wav
1379,laki-laki,terkejut,23,./dataset/Actor_23/03-01-08-02-02-02-23.wav
1380,perempuan,netral,24,./dataset/Actor_24/03-01-01-01-01-01-24.wav
1381,perempuan,netral,24,./dataset/Actor_24/03-01-01-01-01-02-24.wav
1382,perempuan,netral,24,./dataset/Actor_24/03-01-01-01-02-01-24.wav
1383,perempuan,netral,24,./dataset/Actor_24/03-01-01-01-02-02-24.wav
1384,perempuan,calm,24,./dataset/Actor_24/03-01-02-01-01-01-24.wav
1385,perempuan,calm,24,./dataset/Actor_24/03-01-02-01-01-02-24.wav
1386,perempuan,calm,24,./dataset/Actor_24/03-01-02-01-02-01-24.wav
1387,perempuan,calm,24,./dataset/Actor_24/03-01-02-01-02-02-24.wav
1388,perempuan,calm,24,./dataset/Actor_24/03-01-02-02-01-01-24.wav
1389,perempuan,calm,24,./dataset/Actor_24/03-01-02-02-01-02-24.wav
1390,perempuan,calm,24,./dataset/Actor_24/03-01-02-02-02-01-24.wav
1391,perempuan,calm,24,./dataset/Actor_24/03-01-02-02-02-02-24.wav
1392,perempuan,bahagia,24,./dataset/Actor_24/03-01-03-01-01-01-24.wav
1393,perempuan,bahagia,24,./dataset/Actor_24/03-01-03-01-01-02-24.wav
1394,perempuan,bahagia,24,./dataset/Actor_24/03-01-03-01-02-01-24.wav
1395,perempuan,bahagia,24,./dataset/Actor_24/03-01-03-01-02-02-24.wav
1396,perempuan,bahagia,24,./dataset/Actor_24/03-01-03-02-01-01-24.wav
1397,perempuan,bahagia,24,./dataset/Actor_24/03-01-03-02-01-02-24.wav
1398,perempuan,bahagia,24,./dataset/Actor_24/03-01-03-02-02-01-24.wav
1399,perempuan,bahagia,24,./dataset/Actor_24/03-01-03-02-02-02-24.wav
1400,perempuan,sedih,24,./dataset/Actor_24/03-01-04-01-01-01-24.wav
1401,perempuan,sedih,24,./dataset/Actor_24/03-01-04-01-01-02-24.wav
1402,perempuan,sedih,24,./dataset/Actor_24/03-01-04-01-02-01-24.wav
1403,perempuan,sedih,24,./dataset/Actor_24/03-01-04-01-02-02-24.wav
1404,perempuan,sedih,24,./dataset/Actor_24/03-01-04-02-01-01-24.wav
1405,perempuan,sedih,24,./dataset/Actor_24/03-01-04-02-01-02-24.wav
1406,perempuan,sedih,24,./dataset/Actor_24/03-01-04-02-02-01-24.wav
1407,perempuan,sedih,24,./dataset/Actor_24/03-01-04-02-02-02-24.wav
1408,perempuan,marah,24,./dataset/Actor_24/03-01-05-01-01-01-24.wav
1409,perempuan,marah,24,./dataset/Actor_24/03-01-05-01-01-02-24.wav
1410,perempuan,marah,24,./dataset/Actor_24/03-01-05-01-02-01-24.wav
1411,perempuan,marah,24,./dataset/Actor_24/03-01-05-01-02-02-24.wav
1412,perempuan,marah,24,./dataset/Actor_24/03-01-05-02-01-01-24.wav
1413,perempuan,marah,24,./dataset/Actor_24/03-01-05-02-01-02-24.wav
1414,perempuan,marah,24,./dataset/Actor_24/03-01-05-02-02-01-24.wav
1415,perempuan,marah,24,./dataset/Actor_24/03-01-05-02-02-02-24.wav
1416,perempuan,takut,24,./dataset/Actor_24/03-01-06-01-01-01-24.wav
1417,perempuan,takut,24,./dataset/Actor_24/03-01-06-01-01-02-24.wav
1418,perempuan,takut,24,./dataset/Actor_24/03-01-06-01-02-01-24.wav
1419,perempuan,takut,24,./dataset/Actor_24/03-01-06-01-02-02-24.wav
1420,perempuan,takut,24,./dataset/Actor_24/03-01-06-02-01-01-24.wav
1421,perempuan,takut,24,./dataset/Actor_24/03-01-06-02-01-02-24.wav
1422,perempuan,takut,24,./dataset/Actor_24/03-01-06-02-02-01-24.wav
1423,perempuan,takut,24,./dataset/Actor_24/03-01-06-02-02-02-24.wav
1424,perempuan,jijik,24,./dataset/Actor_24/03-01-07-01-01-01-24.wav
1425,perempuan,jijik,24,./dataset/Actor_24/03-01-07-01-01-02-24.wav
1426,perempuan,jijik,24,./dataset/Actor_24/03-01-07-01-02-01-24.wav
1427,perempuan,jijik,24,./dataset/Actor_24/03-01-07-01-02-02-24.wav
1428,perempuan,jijik,24,./dataset/Actor_24/03-01-07-02-01-01-24.wav
1429,perempuan,jijik,24,./dataset/Actor_24/03-01-07-02-01-02-24.wav
1430,perempuan,jijik,24,./dataset/Actor_24/03-01-07-02-02-01-24.wav
1431,perempuan,jijik,24,./dataset/Actor_24/03-01-07-02-02-02-24.wav
1432,perempuan,terkejut,24,./dataset/Actor_24/03-01-08-01-01-01-24.wav
1433,perempuan,terkejut,24,./dataset/Actor_24/03-01-08-01-01-02-24.wav
1434,perempuan,terkejut,24,./dataset/Actor_24/03-01-08-01-02-01-24.wav
1435,perempuan,terkejut,24,./dataset/Actor_24/03-01-08-01-02-02-24.wav
1436,perempuan,terkejut,24,./dataset/Actor_24/03-01-08-02-01-01-24.wav
1437,perempuan,terkejut,24,./dataset/Actor_24/03-01-08-02-01-02-24.wav
1438,perempuan,terkejut,24,./dataset/Actor_24/03-01-08-02-02-01-24.wav
1439,perempuan,terkejut,24,./dataset/Actor_24/03-01-08-02-02-02-24.wav
